-- phpMyAdmin SQL Dump
-- version 5.1.1
-- https://www.phpmyadmin.net/
--
-- Host: 127.0.0.1
-- Generation Time: Feb 26, 2022 at 11:44 AM
-- Server version: 10.4.22-MariaDB
-- PHP Version: 8.1.1

SET SQL_MODE = "NO_AUTO_VALUE_ON_ZERO";
START TRANSACTION;
SET time_zone = "+00:00";


/*!40101 SET @OLD_CHARACTER_SET_CLIENT=@@CHARACTER_SET_CLIENT */;
/*!40101 SET @OLD_CHARACTER_SET_RESULTS=@@CHARACTER_SET_RESULTS */;
/*!40101 SET @OLD_COLLATION_CONNECTION=@@COLLATION_CONNECTION */;
/*!40101 SET NAMES utf8mb4 */;

--
-- Database: `khanstore`
--

-- --------------------------------------------------------

--
-- Table structure for table `admin`
--

CREATE TABLE `admin` (
  `id` int(11) NOT NULL,
  `name` varchar(50) NOT NULL,
  `email` varchar(100) NOT NULL,
  `password` varchar(255) NOT NULL,
  `is_active` enum('0','1') NOT NULL DEFAULT '0'
) ENGINE=InnoDB DEFAULT CHARSET=latin1;

--
-- Dumping data for table `admin`
--

INSERT INTO `admin` (`id`, `name`, `email`, `password`, `is_active`) VALUES
(9, 'westy', 'west@gmail.com', '$2y$10$DlhxiZ96SxWPeCnioVbfzubZQ9Z0QLqHK3E.2axQQQmRD2bH/dUxS', '0');

-- --------------------------------------------------------

--
-- Table structure for table `brands`
--

CREATE TABLE `brands` (
  `brand_id` int(100) NOT NULL,
  `brand_title` text NOT NULL
) ENGINE=InnoDB DEFAULT CHARSET=latin1;

--
-- Dumping data for table `brands`
--

INSERT INTO `brands` (`brand_id`, `brand_title`) VALUES
(1, 'Addidas'),
(2, 'Nike'),
(3, 'Puma'),
(4, 'Armour'),
(5, 'Fendi'),
(6, 'Gucci'),
(7, 'Dior'),
(8, 'Azam Drinks'),
(9, 'Beauty Brands');

-- --------------------------------------------------------

--
-- Table structure for table `cart`
--

CREATE TABLE `cart` (
  `id` int(10) NOT NULL,
  `p_id` int(10) NOT NULL,
  `ip_add` varchar(250) NOT NULL,
  `user_id` int(10) DEFAULT NULL,
  `qty` int(10) NOT NULL
) ENGINE=InnoDB DEFAULT CHARSET=latin1;

--
-- Dumping data for table `cart`
--

INSERT INTO `cart` (`id`, `p_id`, `ip_add`, `user_id`, `qty`) VALUES
(1, 1, '::1', 3, 1),
(2, 6, '::1', 3, 1),
(3, 9, '::1', 3, 1),
(4, 30, '::1', 3, 1),
(13, 1, '::1', 7, 1),
(14, 2, '::1', 7, 2),
(15, 1, '::1', 6, 1),
(16, 3, '::1', 6, 1),
(17, 1, '::1', 10, 1),
(18, 2, '::1', 10, 2),
(28, 9, '::1', 72, 1),
(29, 10, '::1', 72, 1),
(261, 1, '::1', 18, 1),
(262, 5, '::1', 18, 1),
(263, 6, '::1', 18, 1),
(264, 9, '::1', 18, 1),
(265, 10, '::1', 18, 1),
(266, 26, '::1', 18, 1),
(267, 69, '::1', 18, 1),
(268, 19, '::1', 19, 1),
(269, 20, '::1', 19, 1),
(270, 29, '::1', 19, 1),
(271, 39, '::1', 19, 1),
(272, 2456, '::1', 19, 1),
(273, 2457, '::1', 19, 1),
(274, 2559, '::1', 19, 1),
(275, 2562, '::1', 19, 1),
(276, 1326, '::1', 19, 1),
(277, 1325, '::1', 19, 1),
(278, 2609, '::1', 19, 1),
(279, 2607, '::1', 19, 1);

-- --------------------------------------------------------

--
-- Table structure for table `categories`
--

CREATE TABLE `categories` (
  `cat_id` int(100) NOT NULL,
  `cat_title` text NOT NULL
) ENGINE=InnoDB DEFAULT CHARSET=latin1;

--
-- Dumping data for table `categories`
--

INSERT INTO `categories` (`cat_id`, `cat_title`) VALUES
(2, 'Ladies Wear'),
(3, 'Mens Wear'),
(4, 'Kids Wear'),
(5, 'Health and Beauty'),
(6, 'Computing'),
(12, 'Jewellery'),
(13, 'Alcohol & Beverages');

-- --------------------------------------------------------

--
-- Table structure for table `orders`
--

CREATE TABLE `orders` (
  `order_id` int(11) NOT NULL,
  `user_id` int(11) NOT NULL,
  `product_id` int(11) NOT NULL,
  `qty` int(11) NOT NULL,
  `trx_id` varchar(255) NOT NULL,
  `p_status` varchar(20) NOT NULL
) ENGINE=InnoDB DEFAULT CHARSET=latin1;

--
-- Dumping data for table `orders`
--

INSERT INTO `orders` (`order_id`, `user_id`, `product_id`, `qty`, `trx_id`, `p_status`) VALUES
(1, 1, 1, 1, '9L434522M7706801A', 'Completed'),
(2, 1, 2, 1, '9L434522M7706801A', 'Completed'),
(3, 1, 3, 1, '9L434522M7706801A', 'Completed'),
(4, 1, 1, 1, '8AT7125245323433N', 'Completed'),
(5, 72, 437, 1, '4NG39431350328539', 'Completed'),
(6, 72, 2, 1, '4NG39431350328539', 'Completed'),
(7, 73, 2, 1, '3ER45458XK644082X', 'Completed'),
(8, 73, 6, 1, '3ER45458XK644082X', 'Completed'),
(9, 73, 9, 1, '3ER45458XK644082X', 'Completed'),
(10, 19, 8, 1, '6RL035065H5978825', 'Completed'),
(11, 19, 20, 1, '6RL035065H5978825', 'Completed'),
(12, 19, 3, 1, '6RL035065H5978825', 'Completed'),
(13, 19, 40, 1, '1G081916HT415493Y', 'Completed'),
(14, 19, 50, 1, '1G081916HT415493Y', 'Completed'),
(15, 19, 51, 1, '1G081916HT415493Y', 'Completed'),
(16, 19, 64, 1, '1G081916HT415493Y', 'Completed'),
(17, 19, 134, 1, '60V37810EL547260Y', 'Completed'),
(18, 19, 170, 1, '60V37810EL547260Y', 'Completed'),
(19, 19, 436, 1, '5T702975EV7112930', 'Completed'),
(20, 19, 20, 1, '5T702975EV7112930', 'Completed'),
(21, 19, 18, 1, '26G09976059483338', 'Completed'),
(22, 19, 215, 1, '26G09976059483338', 'Completed'),
(23, 19, 368, 1, '4M8949789X2563313', 'Completed'),
(24, 19, 416, 1, '4M8949789X2563313', 'Completed'),
(25, 33, 2, 2, '8WK025507M7221712', 'Completed'),
(26, 33, 1, 1, '8WK025507M7221712', 'Completed'),
(27, 33, 9, 1, '8WK025507M7221712', 'Completed'),
(28, 33, 9, 1, '4F418975FJ1466517', 'Completed'),
(29, 33, 11, 1, '4F418975FJ1466517', 'Completed'),
(30, 33, 449, 1, '9PT31742MR5641039', 'Completed'),
(31, 33, 89, 1, '9PT31742MR5641039', 'Completed'),
(32, 34, 79, 1, '78241338NK892511D', 'Completed'),
(33, 34, 101, 1, '78241338NK892511D', 'Completed'),
(34, 34, 114, 1, '78241338NK892511D', 'Completed'),
(35, 34, 190, 1, '0CU781600S293272V', 'Completed'),
(36, 34, 215, 1, '0CU781600S293272V', 'Completed'),
(37, 37, 4, 1, '6VT28709RH948220T', 'Completed'),
(38, 37, 6, 1, '6VT28709RH948220T', 'Completed'),
(39, 37, 10, 1, '6VT28709RH948220T', 'Completed'),
(40, 37, 447, 1, '4HM936035D4793306', 'Completed'),
(41, 37, 89, 1, '4HM936035D4793306', 'Completed'),
(42, 37, 6, 1, '72A32213EJ1777525', 'Completed'),
(43, 37, 43, 1, '72A32213EJ1777525', 'Completed'),
(44, 38, 152, 1, '1JA64955FX709191C', 'Completed'),
(45, 38, 188, 1, '1JA64955FX709191C', 'Completed'),
(46, 38, 195, 1, '1JA64955FX709191C', 'Completed'),
(47, 38, 463, 1, '1GX99708UE0284907', 'Completed'),
(48, 38, 15, 1, '1A207564309315505', 'Completed'),
(49, 38, 215, 1, '1A207564309315505', 'Completed'),
(50, 38, 12, 1, '7PC48824XV020991X', 'Completed'),
(51, 38, 188, 1, '7PC48824XV020991X', 'Completed'),
(52, 39, 390, 1, '5AH20422PC6829110', 'Completed'),
(53, 39, 436, 1, '5AH20422PC6829110', 'Completed'),
(54, 40, 2451, 1, '02C93690HJ061252E', 'Completed'),
(55, 40, 2458, 1, '02C93690HJ061252E', 'Completed'),
(56, 40, 2508, 1, '02C93690HJ061252E', 'Completed'),
(57, 41, 2608, 1, '21N903876K2574712', 'Completed'),
(58, 41, 2604, 1, '21N903876K2574712', 'Completed'),
(59, 41, 2614, 1, '21N903876K2574712', 'Completed'),
(60, 42, 2526, 1, '6L63749521705182K', 'Completed'),
(61, 42, 2530, 1, '6L63749521705182K', 'Completed'),
(62, 42, 2522, 1, '6L63749521705182K', 'Completed'),
(63, 43, 2606, 1, '6NN60566CB977663S', 'Completed'),
(64, 43, 2623, 1, '6NN60566CB977663S', 'Completed'),
(65, 43, 2630, 1, '6NN60566CB977663S', 'Completed'),
(66, 44, 17, 1, '45797173E9897760Y', 'Completed'),
(67, 44, 24, 1, '45797173E9897760Y', 'Completed'),
(68, 44, 23, 1, '45797173E9897760Y', 'Completed'),
(69, 45, 3, 1, '6LU76346MU1569716', 'Completed'),
(70, 45, 12, 1, '6LU76346MU1569716', 'Completed'),
(71, 45, 29, 1, '6LU76346MU1569716', 'Completed'),
(72, 46, 2452, 1, '6YU5697411376951P', 'Completed'),
(73, 46, 2456, 1, '6YU5697411376951P', 'Completed'),
(74, 46, 2502, 1, '6YU5697411376951P', 'Completed'),
(75, 47, 439, 1, '6J066955G49381938', 'Completed'),
(76, 47, 89, 1, '6J066955G49381938', 'Completed'),
(77, 47, 81, 1, '6J066955G49381938', 'Completed'),
(78, 48, 19, 1, '9KC51190CE0220631', 'Completed'),
(79, 48, 27, 1, '9KC51190CE0220631', 'Completed'),
(80, 48, 2455, 1, '9KC51190CE0220631', 'Completed'),
(81, 48, 2458, 1, '9KC51190CE0220631', 'Completed'),
(82, 49, 440, 1, '4DW37593HK358251X', 'Completed'),
(83, 49, 89, 1, '4DW37593HK358251X', 'Completed'),
(84, 49, 87, 1, '4DW37593HK358251X', 'Completed'),
(85, 49, 96, 1, '4DW37593HK358251X', 'Completed'),
(86, 50, 3, 1, '7P57192175537614G', 'Completed'),
(87, 50, 12, 1, '7P57192175537614G', 'Completed'),
(88, 50, 14, 1, '7P57192175537614G', 'Completed'),
(89, 50, 29, 1, '7P57192175537614G', 'Completed'),
(90, 50, 1303, 1, '7P57192175537614G', 'Completed'),
(91, 50, 1305, 1, '7P57192175537614G', 'Completed'),
(92, 51, 1308, 1, '0G7667416F744070U', 'Completed'),
(93, 51, 1309, 1, '0G7667416F744070U', 'Completed'),
(94, 51, 2459, 1, '0G7667416F744070U', 'Completed'),
(95, 51, 2458, 1, '0G7667416F744070U', 'Completed'),
(96, 51, 38, 1, '0G7667416F744070U', 'Completed'),
(97, 51, 40, 1, '0G7667416F744070U', 'Completed'),
(98, 52, 2609, 1, '1YK74226MH201814V', 'Completed'),
(99, 52, 2608, 1, '1YK74226MH201814V', 'Completed'),
(100, 52, 2625, 3, '1YK74226MH201814V', 'Completed'),
(101, 52, 463, 1, '1YK74226MH201814V', 'Completed'),
(102, 52, 9, 1, '1YK74226MH201814V', 'Completed'),
(103, 52, 11, 1, '1YK74226MH201814V', 'Completed'),
(104, 52, 10, 1, '1YK74226MH201814V', 'Completed'),
(105, 53, 1310, 1, '5VS675820R6733458', 'Completed'),
(106, 53, 1318, 1, '5VS675820R6733458', 'Completed'),
(107, 53, 2464, 1, '5VS675820R6733458', 'Completed'),
(108, 53, 2470, 1, '5VS675820R6733458', 'Completed'),
(109, 54, 6, 1, '67V46371E0389951H', 'Completed'),
(110, 54, 10, 1, '67V46371E0389951H', 'Completed'),
(111, 54, 11, 1, '67V46371E0389951H', 'Completed'),
(112, 54, 16, 1, '67V46371E0389951H', 'Completed'),
(113, 54, 25, 1, '67V46371E0389951H', 'Completed'),
(114, 55, 24, 1, '4J514874P4422742V', 'Completed'),
(115, 55, 26, 1, '4J514874P4422742V', 'Completed'),
(116, 55, 43, 1, '4J514874P4422742V', 'Completed'),
(117, 55, 69, 1, '4J514874P4422742V', 'Completed'),
(118, 56, 2, 1, '23699820M98548013', 'Completed'),
(119, 56, 73, 1, '23699820M98548013', 'Completed'),
(120, 56, 72, 1, '23699820M98548013', 'Completed'),
(121, 56, 9, 1, '23699820M98548013', 'Completed'),
(122, 56, 96, 1, '23699820M98548013', 'Completed'),
(123, 57, 56, 1, '5N9157502W7183502', 'Completed'),
(124, 57, 69, 1, '5N9157502W7183502', 'Completed'),
(125, 57, 68, 1, '5N9157502W7183502', 'Completed'),
(126, 57, 89, 1, '5N9157502W7183502', 'Completed'),
(127, 57, 105, 1, '5N9157502W7183502', 'Completed'),
(128, 57, 2604, 4, '5N9157502W7183502', 'Completed'),
(129, 57, 445, 1, '5N9157502W7183502', 'Completed'),
(130, 58, 2457, 2, '44A93776N7842663U', 'Completed'),
(131, 58, 2480, 1, '44A93776N7842663U', 'Completed'),
(132, 58, 2522, 1, '44A93776N7842663U', 'Completed'),
(133, 58, 2525, 1, '44A93776N7842663U', 'Completed'),
(134, 58, 2609, 1, '44A93776N7842663U', 'Completed'),
(135, 59, 444, 1, '7W900732YY753543D', 'Completed'),
(136, 59, 243, 1, '7W900732YY753543D', 'Completed'),
(137, 59, 254, 1, '7W900732YY753543D', 'Completed'),
(138, 59, 280, 1, '7W900732YY753543D', 'Completed'),
(139, 59, 296, 1, '7W900732YY753543D', 'Completed'),
(140, 59, 291, 3, '7W900732YY753543D', 'Completed'),
(141, 60, 2606, 4, '421917542W2802154', 'Completed'),
(142, 60, 2611, 1, '421917542W2802154', 'Completed'),
(143, 60, 2451, 1, '421917542W2802154', 'Completed'),
(144, 60, 2496, 1, '421917542W2802154', 'Completed'),
(145, 60, 2500, 1, '421917542W2802154', 'Completed'),
(146, 61, 401, 1, '7CA57246X3226864E', 'Completed'),
(147, 61, 398, 1, '7CA57246X3226864E', 'Completed'),
(148, 61, 402, 1, '7CA57246X3226864E', 'Completed'),
(149, 61, 404, 1, '7CA57246X3226864E', 'Completed'),
(150, 61, 403, 1, '7CA57246X3226864E', 'Completed'),
(151, 61, 376, 1, '7CA57246X3226864E', 'Completed'),
(152, 61, 2610, 4, '7CA57246X3226864E', 'Completed'),
(153, 62, 454, 1, '2YX6756961324121S', 'Completed'),
(154, 62, 132, 1, '2YX6756961324121S', 'Completed'),
(155, 62, 139, 1, '2YX6756961324121S', 'Completed'),
(156, 62, 146, 1, '2YX6756961324121S', 'Completed'),
(157, 62, 153, 1, '2YX6756961324121S', 'Completed'),
(158, 62, 2604, 4, '2YX6756961324121S', 'Completed'),
(159, 62, 2614, 1, '2YX6756961324121S', 'Completed'),
(160, 63, 2606, 4, '1N688255HX145532S', 'Completed'),
(161, 63, 2616, 1, '1N688255HX145532S', 'Completed'),
(162, 63, 2628, 4, '1N688255HX145532S', 'Completed'),
(163, 63, 60, 1, '1N688255HX145532S', 'Completed'),
(164, 63, 81, 1, '1N688255HX145532S', 'Completed'),
(165, 63, 89, 1, '1N688255HX145532S', 'Completed'),
(166, 64, 448, 1, '1W919919UT932793P', 'Completed'),
(167, 64, 112, 1, '1W919919UT932793P', 'Completed'),
(168, 64, 146, 1, '1W919919UT932793P', 'Completed'),
(169, 64, 148, 1, '1W919919UT932793P', 'Completed'),
(170, 64, 157, 1, '1W919919UT932793P', 'Completed'),
(171, 64, 2609, 2, '1W919919UT932793P', 'Completed'),
(172, 64, 2606, 4, '1W919919UT932793P', 'Completed'),
(173, 64, 2623, 1, '1W919919UT932793P', 'Completed'),
(174, 65, 2, 1, '4VL89338N2476483L', 'Completed'),
(175, 65, 22, 1, '4VL89338N2476483L', 'Completed'),
(176, 65, 13, 1, '4VL89338N2476483L', 'Completed'),
(177, 65, 16, 1, '4VL89338N2476483L', 'Completed'),
(178, 65, 9, 4, '4VL89338N2476483L', 'Completed'),
(179, 65, 2611, 2, '4VL89338N2476483L', 'Completed'),
(180, 66, 459, 1, '5971086253305144A', 'Completed'),
(181, 66, 2610, 1, '5971086253305144A', 'Completed'),
(182, 66, 2609, 1, '5971086253305144A', 'Completed'),
(183, 66, 53, 1, '5971086253305144A', 'Completed'),
(184, 66, 1317, 1, '5971086253305144A', 'Completed'),
(185, 66, 1325, 1, '5971086253305144A', 'Completed'),
(186, 66, 2456, 1, '5971086253305144A', 'Completed'),
(187, 67, 24, 1, '0G025985KC569962N', 'Completed'),
(188, 67, 25, 1, '0G025985KC569962N', 'Completed'),
(189, 67, 26, 1, '0G025985KC569962N', 'Completed'),
(190, 67, 69, 1, '0G025985KC569962N', 'Completed'),
(191, 67, 127, 1, '0G025985KC569962N', 'Completed'),
(192, 67, 126, 1, '0G025985KC569962N', 'Completed'),
(193, 68, 4, 1, '44F92052A1037103S', 'Completed'),
(194, 68, 46, 1, '44F92052A1037103S', 'Completed'),
(195, 68, 63, 1, '44F92052A1037103S', 'Completed'),
(196, 68, 69, 1, '44F92052A1037103S', 'Completed'),
(197, 68, 81, 1, '44F92052A1037103S', 'Completed'),
(198, 68, 278, 1, '44F92052A1037103S', 'Completed'),
(199, 68, 2591, 1, '44F92052A1037103S', 'Completed'),
(200, 68, 2564, 1, '44F92052A1037103S', 'Completed'),
(201, 68, 2609, 3, '44F92052A1037103S', 'Completed'),
(202, 69, 436, 1, '45879924NX367822G', 'Completed'),
(203, 69, 5, 1, '45879924NX367822G', 'Completed'),
(204, 69, 2591, 1, '45879924NX367822G', 'Completed'),
(205, 69, 2609, 4, '45879924NX367822G', 'Completed'),
(206, 71, 11, 1, '2FL31430SB372553D', 'Completed'),
(207, 71, 10, 1, '2FL31430SB372553D', 'Completed'),
(208, 71, 7, 1, '2FL31430SB372553D', 'Completed'),
(209, 71, 9, 1, '2FL31430SB372553D', 'Completed'),
(210, 71, 2452, 1, '2FL31430SB372553D', 'Completed'),
(211, 71, 2530, 1, '2FL31430SB372553D', 'Completed'),
(212, 71, 2564, 1, '2FL31430SB372553D', 'Completed'),
(213, 71, 2629, 1, '2FL31430SB372553D', 'Completed'),
(214, 71, 2627, 4, '2FL31430SB372553D', 'Completed'),
(215, 71, 463, 1, '66U23696P60361624', 'Completed'),
(216, 18, 1, 1, '8HU51991696953001', 'Completed'),
(217, 18, 4, 1, '8HU51991696953001', 'Completed'),
(218, 18, 13, 1, '8HU51991696953001', 'Completed'),
(219, 74, 2, 1, '3EG33142KJ8886307', 'Completed'),
(220, 74, 48, 1, '3EG33142KJ8886307', 'Completed'),
(221, 74, 55, 1, '3EG33142KJ8886307', 'Completed'),
(222, 74, 59, 1, '3EG33142KJ8886307', 'Completed'),
(223, 74, 62, 1, '3EG33142KJ8886307', 'Completed'),
(224, 25, 9, 1, '7E4454854X645392Y', 'Completed'),
(225, 25, 13, 1, '7E4454854X645392Y', 'Completed'),
(226, 25, 16, 1, '7E4454854X645392Y', 'Completed'),
(227, 25, 47, 1, '7E4454854X645392Y', 'Completed'),
(228, 25, 54, 1, '7E4454854X645392Y', 'Completed'),
(229, 26, 472, 1, '6CK997199X418141N', 'Completed'),
(230, 26, 59, 1, '6CK997199X418141N', 'Completed'),
(231, 26, 60, 1, '6CK997199X418141N', 'Completed'),
(232, 75, 440, 1, '4PJ107993P137613L', 'Completed'),
(233, 75, 2606, 1, '4PJ107993P137613L', 'Completed'),
(234, 75, 2614, 1, '4PJ107993P137613L', 'Completed'),
(235, 75, 2530, 1, '4PJ107993P137613L', 'Completed'),
(236, 75, 2532, 1, '4PJ107993P137613L', 'Completed'),
(237, 76, 2452, 1, '70631775T8660723N', 'Completed'),
(238, 76, 2606, 4, '70631775T8660723N', 'Completed'),
(239, 76, 2, 1, '70631775T8660723N', 'Completed'),
(240, 76, 6, 1, '70631775T8660723N', 'Completed'),
(241, 64, 198, 1, '1E967194X8147703E', 'Completed'),
(242, 64, 197, 1, '1E967194X8147703E', 'Completed'),
(243, 64, 193, 1, '1E967194X8147703E', 'Completed'),
(244, 64, 204, 1, '1E967194X8147703E', 'Completed'),
(245, 64, 208, 1, '1E967194X8147703E', 'Completed'),
(246, 64, 296, 1, '1E967194X8147703E', 'Completed'),
(247, 64, 2609, 1, '1E967194X8147703E', 'Completed'),
(248, 64, 2606, 1, '1E967194X8147703E', 'Completed'),
(249, 64, 544, 1, '1E967194X8147703E', 'Completed'),
(250, 65, 117, 1, '7F797308C7194103W', 'Completed'),
(251, 65, 116, 1, '7F797308C7194103W', 'Completed'),
(252, 65, 115, 1, '7F797308C7194103W', 'Completed'),
(253, 65, 126, 1, '7F797308C7194103W', 'Completed'),
(254, 65, 127, 1, '7F797308C7194103W', 'Completed'),
(255, 65, 779, 1, '7F797308C7194103W', 'Completed'),
(256, 65, 2564, 1, '7F797308C7194103W', 'Completed'),
(257, 65, 2561, 1, '7F797308C7194103W', 'Completed'),
(258, 66, 2525, 1, '03726875SB496880X', 'Completed'),
(259, 66, 2532, 1, '03726875SB496880X', 'Completed'),
(260, 66, 2530, 1, '03726875SB496880X', 'Completed'),
(261, 66, 2559, 1, '03726875SB496880X', 'Completed'),
(262, 66, 2561, 1, '03726875SB496880X', 'Completed'),
(263, 66, 1321, 1, '03726875SB496880X', 'Completed'),
(264, 66, 1319, 1, '03726875SB496880X', 'Completed'),
(265, 66, 1356, 1, '03726875SB496880X', 'Completed'),
(266, 66, 1387, 1, '03726875SB496880X', 'Completed'),
(267, 66, 1394, 1, '03726875SB496880X', 'Completed'),
(268, 66, 1405, 1, '03726875SB496880X', 'Completed'),
(269, 66, 1409, 1, '03726875SB496880X', 'Completed'),
(270, 67, 167, 1, '8MK13647C07652808', 'Completed'),
(271, 67, 166, 1, '8MK13647C07652808', 'Completed'),
(272, 67, 210, 1, '8MK13647C07652808', 'Completed'),
(273, 67, 214, 1, '8MK13647C07652808', 'Completed'),
(274, 67, 237, 1, '8MK13647C07652808', 'Completed'),
(275, 67, 230, 1, '8MK13647C07652808', 'Completed'),
(276, 67, 2606, 1, '8MK13647C07652808', 'Completed'),
(277, 67, 2612, 1, '8MK13647C07652808', 'Completed'),
(278, 67, 2617, 1, '8MK13647C07652808', 'Completed'),
(279, 67, 533, 1, '8MK13647C07652808', 'Completed'),
(280, 68, 131, 1, '6C269773CC7377328', 'Completed'),
(281, 68, 232, 1, '6C269773CC7377328', 'Completed'),
(282, 68, 340, 1, '6C269773CC7377328', 'Completed'),
(283, 68, 784, 1, '6C269773CC7377328', 'Completed'),
(284, 68, 2452, 1, '6C269773CC7377328', 'Completed'),
(285, 68, 529, 1, '6C269773CC7377328', 'Completed'),
(286, 68, 528, 1, '6C269773CC7377328', 'Completed'),
(287, 68, 2606, 1, '6C269773CC7377328', 'Completed'),
(288, 68, 2620, 1, '6C269773CC7377328', 'Completed'),
(289, 68, 2627, 1, '6C269773CC7377328', 'Completed'),
(290, 68, 2629, 1, '6C269773CC7377328', 'Completed'),
(291, 69, 69, 1, '6YV8543694617311A', 'Completed'),
(292, 69, 68, 1, '6YV8543694617311A', 'Completed'),
(293, 69, 73, 1, '6YV8543694617311A', 'Completed'),
(294, 69, 81, 1, '6YV8543694617311A', 'Completed'),
(295, 69, 89, 1, '6YV8543694617311A', 'Completed'),
(296, 69, 2609, 1, '6YV8543694617311A', 'Completed'),
(297, 69, 1355, 1, '6YV8543694617311A', 'Completed'),
(298, 69, 2452, 1, '6YV8543694617311A', 'Completed'),
(299, 71, 13, 1, '5KW478260L471244W', 'Completed'),
(300, 71, 16, 1, '5KW478260L471244W', 'Completed'),
(301, 71, 99, 1, '5KW478260L471244W', 'Completed'),
(302, 71, 230, 1, '5KW478260L471244W', 'Completed'),
(303, 71, 266, 1, '5KW478260L471244W', 'Completed'),
(304, 71, 279, 1, '5KW478260L471244W', 'Completed'),
(305, 71, 280, 1, '5KW478260L471244W', 'Completed'),
(306, 71, 2606, 1, '5KW478260L471244W', 'Completed'),
(307, 71, 2609, 1, '5KW478260L471244W', 'Completed'),
(308, 71, 2610, 1, '5KW478260L471244W', 'Completed'),
(309, 63, 2606, 1, '17Y61675A32505423', 'Completed'),
(310, 63, 2617, 1, '17Y61675A32505423', 'Completed'),
(311, 63, 2619, 1, '17Y61675A32505423', 'Completed'),
(312, 63, 2609, 1, '17Y61675A32505423', 'Completed'),
(313, 63, 4, 1, '17Y61675A32505423', 'Completed'),
(314, 63, 2, 1, '17Y61675A32505423', 'Completed'),
(315, 63, 1, 1, '17Y61675A32505423', 'Completed'),
(316, 63, 6, 1, '17Y61675A32505423', 'Completed'),
(317, 63, 7, 1, '17Y61675A32505423', 'Completed'),
(318, 63, 81, 1, '17Y61675A32505423', 'Completed'),
(319, 63, 76, 1, '17Y61675A32505423', 'Completed'),
(320, 63, 155, 1, '17Y61675A32505423', 'Completed'),
(321, 63, 153, 1, '17Y61675A32505423', 'Completed'),
(322, 63, 151, 1, '17Y61675A32505423', 'Completed'),
(323, 62, 375, 1, '08K25295XX342914M', 'Completed'),
(324, 62, 372, 1, '08K25295XX342914M', 'Completed'),
(325, 62, 280, 1, '08K25295XX342914M', 'Completed'),
(326, 62, 279, 1, '08K25295XX342914M', 'Completed'),
(327, 62, 285, 1, '08K25295XX342914M', 'Completed'),
(328, 62, 2606, 1, '08K25295XX342914M', 'Completed'),
(329, 62, 2627, 1, '08K25295XX342914M', 'Completed'),
(330, 62, 2626, 1, '08K25295XX342914M', 'Completed'),
(331, 62, 442, 1, '3NA06562WK670922P', 'Completed'),
(332, 62, 106, 1, '3NA06562WK670922P', 'Completed'),
(333, 62, 222, 1, '3NA06562WK670922P', 'Completed'),
(334, 61, 185, 1, '67F41846F33168218', 'Completed'),
(335, 61, 197, 1, '67F41846F33168218', 'Completed'),
(336, 61, 198, 1, '67F41846F33168218', 'Completed'),
(337, 61, 193, 1, '67F41846F33168218', 'Completed'),
(338, 61, 328, 1, '67F41846F33168218', 'Completed'),
(339, 61, 329, 1, '67F41846F33168218', 'Completed'),
(340, 61, 340, 1, '67F41846F33168218', 'Completed'),
(341, 61, 497, 1, '67F41846F33168218', 'Completed'),
(342, 61, 2609, 1, '67F41846F33168218', 'Completed'),
(343, 61, 2607, 1, '67F41846F33168218', 'Completed'),
(344, 61, 2452, 1, '7BJ877842J422845G', 'Completed'),
(345, 61, 397, 1, '7BJ877842J422845G', 'Completed'),
(346, 61, 393, 1, '7BJ877842J422845G', 'Completed'),
(347, 60, 18, 1, '327540367V020910R', 'Completed'),
(348, 60, 32, 1, '327540367V020910R', 'Completed'),
(349, 60, 2461, 1, '327540367V020910R', 'Completed'),
(350, 60, 2464, 1, '327540367V020910R', 'Completed'),
(351, 60, 1321, 1, '327540367V020910R', 'Completed'),
(352, 60, 1330, 1, '327540367V020910R', 'Completed'),
(353, 60, 1384, 1, '327540367V020910R', 'Completed'),
(354, 60, 1382, 1, '327540367V020910R', 'Completed'),
(355, 60, 1374, 1, '327540367V020910R', 'Completed'),
(356, 60, 1373, 1, '327540367V020910R', 'Completed'),
(357, 60, 1402, 1, '327540367V020910R', 'Completed'),
(358, 60, 2606, 1, '46F31703WC702684J', 'Completed'),
(359, 60, 2604, 1, '46F31703WC702684J', 'Completed'),
(360, 60, 2611, 1, '46F31703WC702684J', 'Completed'),
(361, 59, 160, 1, '4KW41904GV7655818', 'Completed'),
(362, 59, 161, 1, '4KW41904GV7655818', 'Completed'),
(363, 59, 163, 1, '4KW41904GV7655818', 'Completed'),
(364, 59, 167, 1, '4KW41904GV7655818', 'Completed'),
(365, 59, 165, 1, '4KW41904GV7655818', 'Completed'),
(366, 59, 182, 1, '4KW41904GV7655818', 'Completed'),
(367, 59, 184, 2, '4KW41904GV7655818', 'Completed'),
(368, 59, 2609, 1, '4KW41904GV7655818', 'Completed'),
(369, 59, 2532, 1, '4KW41904GV7655818', 'Completed'),
(370, 59, 2530, 4, '4KW41904GV7655818', 'Completed'),
(371, 59, 528, 1, '5C0524263V773410H', 'Completed'),
(372, 58, 1346, 1, '0KX16717S0833990S', 'Completed'),
(373, 58, 1350, 1, '0KX16717S0833990S', 'Completed'),
(374, 58, 1355, 1, '0KX16717S0833990S', 'Completed'),
(375, 58, 1358, 1, '0KX16717S0833990S', 'Completed'),
(376, 58, 1399, 1, '0KX16717S0833990S', 'Completed'),
(377, 58, 1397, 1, '0KX16717S0833990S', 'Completed'),
(378, 58, 1405, 1, '0KX16717S0833990S', 'Completed'),
(379, 58, 1409, 1, '0KX16717S0833990S', 'Completed'),
(380, 58, 1414, 1, '0KX16717S0833990S', 'Completed'),
(381, 58, 1428, 1, '0KX16717S0833990S', 'Completed'),
(382, 58, 348, 1, '0KX16717S0833990S', 'Completed'),
(383, 58, 352, 1, '0KX16717S0833990S', 'Completed'),
(384, 58, 355, 1, '0KX16717S0833990S', 'Completed'),
(385, 57, 401, 1, '1A352201FW069115N', 'Completed'),
(386, 57, 400, 1, '1A352201FW069115N', 'Completed'),
(387, 57, 408, 1, '1A352201FW069115N', 'Completed'),
(388, 57, 418, 1, '1A352201FW069115N', 'Completed'),
(389, 57, 424, 1, '1A352201FW069115N', 'Completed'),
(390, 57, 433, 1, '1A352201FW069115N', 'Completed'),
(391, 57, 2606, 1, '1A352201FW069115N', 'Completed'),
(392, 57, 2617, 1, '1A352201FW069115N', 'Completed'),
(393, 57, 2616, 1, '1A352201FW069115N', 'Completed'),
(394, 57, 2613, 1, '1A352201FW069115N', 'Completed'),
(395, 57, 2627, 1, '1A352201FW069115N', 'Completed'),
(396, 57, 477, 1, '0SY25031BK3891415', 'Completed'),
(397, 56, 2, 1, '6EB69920FJ7194939', 'Completed'),
(398, 56, 204, 1, '6EB69920FJ7194939', 'Completed'),
(399, 56, 202, 1, '6EB69920FJ7194939', 'Completed'),
(400, 56, 200, 1, '6EB69920FJ7194939', 'Completed'),
(401, 56, 307, 1, '6EB69920FJ7194939', 'Completed'),
(402, 56, 304, 1, '6EB69920FJ7194939', 'Completed'),
(403, 56, 359, 1, '6EB69920FJ7194939', 'Completed'),
(404, 56, 829, 1, '6EB69920FJ7194939', 'Completed'),
(405, 55, 9, 1, '989772633P300393A', 'Completed'),
(406, 55, 830, 1, '989772633P300393A', 'Completed'),
(407, 55, 307, 1, '989772633P300393A', 'Completed'),
(408, 55, 303, 1, '989772633P300393A', 'Completed'),
(409, 55, 2609, 1, '989772633P300393A', 'Completed'),
(410, 55, 2604, 1, '989772633P300393A', 'Completed'),
(411, 55, 458, 1, '989772633P300393A', 'Completed'),
(412, 54, 130, 1, '90S81894EU628762J', 'Completed'),
(413, 54, 129, 1, '90S81894EU628762J', 'Completed'),
(414, 54, 140, 1, '90S81894EU628762J', 'Completed'),
(415, 54, 146, 1, '90S81894EU628762J', 'Completed'),
(416, 54, 148, 1, '90S81894EU628762J', 'Completed'),
(417, 54, 547, 1, '90S81894EU628762J', 'Completed'),
(418, 54, 2606, 1, '90S81894EU628762J', 'Completed'),
(419, 54, 2621, 1, '90S81894EU628762J', 'Completed'),
(420, 54, 2620, 1, '90S81894EU628762J', 'Completed'),
(421, 54, 237, 1, '18474740GH7009721', 'Completed'),
(422, 54, 234, 1, '18474740GH7009721', 'Completed'),
(423, 54, 342, 1, '18474740GH7009721', 'Completed'),
(424, 54, 340, 1, '18474740GH7009721', 'Completed'),
(425, 54, 336, 1, '18474740GH7009721', 'Completed'),
(426, 53, 186, 1, '0BU31784M0891130V', 'Completed'),
(427, 53, 188, 1, '0BU31784M0891130V', 'Completed'),
(428, 53, 30, 1, '0BU31784M0891130V', 'Completed'),
(429, 53, 1347, 1, '0BU31784M0891130V', 'Completed'),
(430, 53, 1351, 1, '0BU31784M0891130V', 'Completed'),
(431, 53, 1428, 1, '0BU31784M0891130V', 'Completed'),
(432, 53, 1421, 1, '0BU31784M0891130V', 'Completed'),
(433, 53, 1417, 1, '0BU31784M0891130V', 'Completed'),
(434, 53, 1446, 1, '0BU31784M0891130V', 'Completed'),
(435, 53, 1449, 1, '0BU31784M0891130V', 'Completed'),
(436, 53, 2609, 1, '0BU31784M0891130V', 'Completed'),
(437, 53, 138, 1, '94H68388P3995304S', 'Completed'),
(438, 53, 135, 1, '94H68388P3995304S', 'Completed'),
(439, 53, 223, 1, '94H68388P3995304S', 'Completed'),
(440, 52, 155, 1, '55X045241F266001P', 'Completed'),
(441, 52, 153, 1, '55X045241F266001P', 'Completed'),
(442, 52, 151, 1, '55X045241F266001P', 'Completed'),
(443, 52, 754, 1, '55X045241F266001P', 'Completed'),
(444, 52, 359, 1, '55X045241F266001P', 'Completed'),
(445, 52, 319, 1, '55X045241F266001P', 'Completed'),
(446, 52, 317, 1, '55X045241F266001P', 'Completed'),
(447, 52, 315, 1, '55X045241F266001P', 'Completed'),
(448, 52, 2609, 1, '3XY89201FJ907190F', 'Completed'),
(449, 52, 2604, 1, '3XY89201FJ907190F', 'Completed'),
(450, 52, 2614, 1, '3XY89201FJ907190F', 'Completed'),
(451, 51, 2566, 1, '2M340532T74976015', 'Completed'),
(452, 51, 2565, 1, '2M340532T74976015', 'Completed'),
(453, 51, 2570, 1, '2M340532T74976015', 'Completed'),
(454, 51, 2604, 1, '2M340532T74976015', 'Completed'),
(455, 51, 1314, 1, '2M340532T74976015', 'Completed'),
(456, 51, 1318, 1, '2M340532T74976015', 'Completed'),
(457, 51, 1446, 1, '2M340532T74976015', 'Completed'),
(458, 51, 1444, 1, '2M340532T74976015', 'Completed'),
(459, 51, 1442, 1, '2M340532T74976015', 'Completed'),
(460, 51, 555, 1, '2M340532T74976015', 'Completed'),
(461, 51, 170, 1, '3L713142TJ278425G', 'Completed'),
(462, 51, 236, 1, '3L713142TJ278425G', 'Completed'),
(463, 51, 238, 1, '3L713142TJ278425G', 'Completed'),
(464, 51, 255, 1, '3L713142TJ278425G', 'Completed'),
(465, 50, 395, 1, '8SL48647XE007982X', 'Completed'),
(466, 50, 394, 1, '8SL48647XE007982X', 'Completed'),
(467, 50, 392, 1, '8SL48647XE007982X', 'Completed'),
(468, 50, 2614, 1, '8SL48647XE007982X', 'Completed'),
(469, 50, 2620, 1, '8SL48647XE007982X', 'Completed'),
(470, 50, 2604, 1, '8SL48647XE007982X', 'Completed'),
(471, 50, 460, 1, '8SL48647XE007982X', 'Completed'),
(472, 50, 1338, 1, '8SL48647XE007982X', 'Completed'),
(473, 50, 1423, 1, '8SL48647XE007982X', 'Completed'),
(474, 50, 1420, 1, '8SL48647XE007982X', 'Completed'),
(475, 50, 1418, 1, '8SL48647XE007982X', 'Completed'),
(476, 50, 152, 1, '4A962112RF429634B', 'Completed'),
(477, 50, 150, 1, '4A962112RF429634B', 'Completed'),
(478, 50, 144, 1, '4A962112RF429634B', 'Completed'),
(479, 49, 191, 1, '4LS87979DH939084X', 'Completed'),
(480, 49, 185, 1, '4LS87979DH939084X', 'Completed'),
(481, 49, 184, 1, '4LS87979DH939084X', 'Completed'),
(482, 49, 183, 1, '4LS87979DH939084X', 'Completed'),
(483, 49, 219, 1, '4LS87979DH939084X', 'Completed'),
(484, 49, 222, 1, '4LS87979DH939084X', 'Completed'),
(485, 49, 220, 1, '4LS87979DH939084X', 'Completed'),
(486, 49, 230, 1, '4LS87979DH939084X', 'Completed'),
(487, 49, 248, 1, '4LS87979DH939084X', 'Completed'),
(488, 49, 2607, 1, '4LS87979DH939084X', 'Completed'),
(489, 48, 1336, 1, '4V478845TW9475545', 'Completed'),
(490, 48, 1334, 1, '4V478845TW9475545', 'Completed'),
(491, 48, 1393, 1, '4V478845TW9475545', 'Completed'),
(492, 48, 1389, 1, '4V478845TW9475545', 'Completed'),
(493, 48, 1403, 1, '4V478845TW9475545', 'Completed'),
(494, 48, 2604, 1, '4V478845TW9475545', 'Completed'),
(495, 48, 2614, 1, '4V478845TW9475545', 'Completed'),
(496, 48, 2623, 1, '4V478845TW9475545', 'Completed'),
(497, 48, 121, 1, '269763117U876904Y', 'Completed'),
(498, 48, 122, 1, '269763117U876904Y', 'Completed'),
(499, 48, 123, 1, '269763117U876904Y', 'Completed'),
(500, 48, 134, 1, '269763117U876904Y', 'Completed'),
(501, 47, 328, 1, '4CD46849N8094915S', 'Completed'),
(502, 47, 329, 1, '4CD46849N8094915S', 'Completed'),
(503, 47, 332, 1, '4CD46849N8094915S', 'Completed'),
(504, 47, 330, 1, '4CD46849N8094915S', 'Completed'),
(505, 47, 757, 1, '4CD46849N8094915S', 'Completed'),
(506, 47, 2620, 1, '4CD46849N8094915S', 'Completed'),
(507, 47, 2623, 1, '4CD46849N8094915S', 'Completed'),
(508, 47, 2629, 1, '4CD46849N8094915S', 'Completed'),
(509, 47, 555, 1, '4CD46849N8094915S', 'Completed'),
(510, 47, 96, 1, '0TN488568T2664049', 'Completed'),
(511, 47, 94, 1, '0TN488568T2664049', 'Completed'),
(512, 47, 93, 1, '0TN488568T2664049', 'Completed'),
(513, 47, 191, 1, '0TN488568T2664049', 'Completed'),
(514, 47, 184, 1, '0TN488568T2664049', 'Completed'),
(515, 47, 183, 1, '0TN488568T2664049', 'Completed'),
(516, 47, 1, 1, '0C960686C2902743E', 'Completed'),
(517, 47, 2451, 1, '0C960686C2902743E', 'Completed'),
(518, 47, 2455, 1, '0C960686C2902743E', 'Completed'),
(519, 47, 2457, 1, '0C960686C2902743E', 'Completed'),
(520, 47, 2464, 1, '0C960686C2902743E', 'Completed'),
(521, 47, 2469, 1, '0C960686C2902743E', 'Completed'),
(522, 47, 2477, 1, '0C960686C2902743E', 'Completed'),
(523, 47, 2479, 1, '0C960686C2902743E', 'Completed'),
(524, 46, 1376, 1, '77J794758W394143T', 'Completed'),
(525, 46, 1377, 1, '77J794758W394143T', 'Completed'),
(526, 46, 1431, 1, '77J794758W394143T', 'Completed'),
(527, 46, 1430, 1, '77J794758W394143T', 'Completed'),
(528, 46, 1340, 1, '77J794758W394143T', 'Completed'),
(529, 46, 269, 1, '77J794758W394143T', 'Completed'),
(530, 46, 275, 1, '77J794758W394143T', 'Completed'),
(531, 46, 2604, 1, '77J794758W394143T', 'Completed'),
(532, 46, 484, 1, '3X83106073370931P', 'Completed'),
(533, 46, 18, 1, '3X83106073370931P', 'Completed'),
(534, 46, 292, 1, '3X83106073370931P', 'Completed'),
(535, 46, 368, 1, '3X83106073370931P', 'Completed'),
(536, 46, 2507, 1, '3X83106073370931P', 'Completed'),
(537, 46, 2559, 1, '3X83106073370931P', 'Completed'),
(538, 46, 2558, 1, '3X83106073370931P', 'Completed'),
(539, 46, 2617, 1, '3X83106073370931P', 'Completed'),
(540, 46, 2618, 5, '3X83106073370931P', 'Completed'),
(541, 45, 1303, 1, '92J245672K970720W', 'Completed'),
(542, 45, 1643, 1, '92J245672K970720W', 'Completed'),
(543, 45, 1638, 1, '92J245672K970720W', 'Completed'),
(544, 45, 1639, 1, '92J245672K970720W', 'Completed'),
(545, 45, 1449, 1, '92J245672K970720W', 'Completed'),
(546, 45, 1380, 1, '92J245672K970720W', 'Completed'),
(547, 45, 1341, 1, '92J245672K970720W', 'Completed'),
(548, 45, 125, 1, '48D16766PU911003A', 'Completed'),
(549, 45, 368, 1, '48D16766PU911003A', 'Completed'),
(550, 45, 338, 1, '48D16766PU911003A', 'Completed'),
(551, 45, 517, 1, '48D16766PU911003A', 'Completed'),
(552, 45, 2614, 1, '48D16766PU911003A', 'Completed'),
(553, 45, 2613, 1, '48D16766PU911003A', 'Completed'),
(554, 45, 1345, 1, '48D16766PU911003A', 'Completed'),
(555, 45, 1435, 1, '48D16766PU911003A', 'Completed'),
(556, 45, 1428, 1, '48D16766PU911003A', 'Completed'),
(557, 45, 121, 1, '48D16766PU911003A', 'Completed'),
(558, 44, 278, 1, '4Y3074836V885662P', 'Completed'),
(559, 44, 276, 1, '4Y3074836V885662P', 'Completed'),
(560, 44, 274, 1, '4Y3074836V885662P', 'Completed'),
(561, 44, 312, 1, '4Y3074836V885662P', 'Completed'),
(562, 44, 317, 1, '4Y3074836V885662P', 'Completed'),
(563, 44, 319, 1, '4Y3074836V885662P', 'Completed'),
(564, 44, 541, 1, '4Y3074836V885662P', 'Completed'),
(565, 44, 2604, 1, '4Y3074836V885662P', 'Completed'),
(566, 44, 2614, 1, '4Y3074836V885662P', 'Completed'),
(567, 44, 81, 1, '61T212293G385582L', 'Completed'),
(568, 44, 155, 1, '61T212293G385582L', 'Completed'),
(569, 44, 153, 1, '61T212293G385582L', 'Completed'),
(570, 44, 151, 1, '61T212293G385582L', 'Completed'),
(571, 44, 251, 1, '61T212293G385582L', 'Completed'),
(572, 44, 325, 1, '61T212293G385582L', 'Completed'),
(573, 44, 326, 1, '61T212293G385582L', 'Completed'),
(574, 44, 772, 1, '61T212293G385582L', 'Completed'),
(575, 44, 770, 1, '61T212293G385582L', 'Completed'),
(576, 43, 326, 1, '6LC06353C2308474J', 'Completed'),
(577, 43, 375, 1, '6LC06353C2308474J', 'Completed'),
(578, 43, 374, 1, '6LC06353C2308474J', 'Completed'),
(579, 43, 369, 1, '6LC06353C2308474J', 'Completed'),
(580, 43, 370, 1, '6LC06353C2308474J', 'Completed'),
(581, 43, 2609, 1, '6LC06353C2308474J', 'Completed'),
(582, 43, 32, 1, '1UM676717M8191442', 'Completed'),
(583, 43, 190, 1, '1UM676717M8191442', 'Completed'),
(584, 43, 215, 1, '1UM676717M8191442', 'Completed'),
(585, 43, 367, 1, '1UM676717M8191442', 'Completed'),
(586, 43, 1305, 1, '1UM676717M8191442', 'Completed'),
(587, 43, 1314, 1, '1UM676717M8191442', 'Completed'),
(588, 43, 1319, 1, '1UM676717M8191442', 'Completed'),
(589, 43, 2605, 1, '1UM676717M8191442', 'Completed'),
(590, 43, 2611, 1, '1UM676717M8191442', 'Completed'),
(591, 43, 2620, 1, '1UM676717M8191442', 'Completed'),
(592, 42, 2, 1, '2CN72612CD124262X', 'Completed'),
(593, 42, 10, 1, '2CN72612CD124262X', 'Completed'),
(594, 42, 41, 1, '2CN72612CD124262X', 'Completed'),
(595, 42, 47, 1, '2CN72612CD124262X', 'Completed'),
(596, 42, 46, 1, '2CN72612CD124262X', 'Completed'),
(597, 42, 48, 1, '2CN72612CD124262X', 'Completed'),
(598, 42, 54, 1, '2CN72612CD124262X', 'Completed'),
(599, 42, 69, 1, '2CN72612CD124262X', 'Completed'),
(600, 42, 81, 1, '2CN72612CD124262X', 'Completed'),
(601, 42, 2604, 1, '2CN72612CD124262X', 'Completed'),
(602, 42, 555, 1, '7TL11391Y5326534G', 'Completed'),
(603, 42, 265, 1, '7TL11391Y5326534G', 'Completed'),
(604, 42, 1301, 1, '7TL11391Y5326534G', 'Completed'),
(605, 42, 1363, 1, '7TL11391Y5326534G', 'Completed'),
(606, 41, 775, 1, '9H317573RR4788835', 'Completed'),
(607, 41, 24, 1, '9H317573RR4788835', 'Completed'),
(608, 41, 9, 1, '9H317573RR4788835', 'Completed'),
(609, 41, 11, 1, '9H317573RR4788835', 'Completed'),
(610, 41, 2620, 1, '9H317573RR4788835', 'Completed'),
(611, 41, 2626, 1, '9H317573RR4788835', 'Completed'),
(612, 41, 2621, 1, '9H317573RR4788835', 'Completed'),
(613, 41, 2473, 1, '7V419379JU8343124', 'Completed'),
(614, 41, 2485, 1, '7V419379JU8343124', 'Completed'),
(615, 41, 2490, 1, '7V419379JU8343124', 'Completed'),
(616, 41, 2623, 1, '7V419379JU8343124', 'Completed'),
(617, 41, 1354, 1, '7V419379JU8343124', 'Completed'),
(618, 41, 2604, 1, '7V419379JU8343124', 'Completed'),
(619, 40, 2459, 1, '0K297198FG238104B', 'Completed'),
(620, 40, 2458, 1, '0K297198FG238104B', 'Completed'),
(621, 40, 1429, 1, '0K297198FG238104B', 'Completed'),
(622, 40, 1422, 1, '0K297198FG238104B', 'Completed'),
(623, 40, 1418, 1, '0K297198FG238104B', 'Completed'),
(624, 40, 1414, 1, '0K297198FG238104B', 'Completed'),
(625, 40, 527, 1, '0K297198FG238104B', 'Completed'),
(626, 40, 802, 1, '0K297198FG238104B', 'Completed'),
(627, 40, 212, 1, '31R950645B822122F', 'Completed'),
(628, 40, 259, 1, '31R950645B822122F', 'Completed'),
(629, 40, 310, 1, '31R950645B822122F', 'Completed'),
(630, 40, 154, 1, '31R950645B822122F', 'Completed'),
(631, 40, 478, 1, '31R950645B822122F', 'Completed'),
(632, 40, 2526, 1, '31R950645B822122F', 'Completed'),
(633, 40, 2569, 1, '31R950645B822122F', 'Completed'),
(634, 39, 845, 1, '5GS691859J439562G', 'Completed'),
(635, 39, 383, 1, '5GS691859J439562G', 'Completed'),
(636, 39, 386, 1, '5GS691859J439562G', 'Completed'),
(637, 39, 388, 1, '5GS691859J439562G', 'Completed'),
(638, 39, 222, 1, '5GS691859J439562G', 'Completed'),
(639, 39, 230, 1, '5GS691859J439562G', 'Completed'),
(640, 39, 2605, 1, '5GS691859J439562G', 'Completed'),
(641, 39, 2604, 1, '5GS691859J439562G', 'Completed'),
(642, 39, 2611, 1, '5GS691859J439562G', 'Completed'),
(643, 39, 516, 1, '5GS691859J439562G', 'Completed'),
(644, 38, 1301, 1, '4WA47056V20838032', 'Completed'),
(645, 38, 1305, 1, '4WA47056V20838032', 'Completed'),
(646, 38, 1411, 1, '4WA47056V20838032', 'Completed'),
(647, 38, 1409, 1, '4WA47056V20838032', 'Completed'),
(648, 38, 1407, 1, '4WA47056V20838032', 'Completed'),
(649, 38, 1419, 1, '4WA47056V20838032', 'Completed'),
(650, 38, 1431, 1, '4WA47056V20838032', 'Completed'),
(651, 38, 1437, 1, '4WA47056V20838032', 'Completed'),
(652, 38, 2451, 1, '4WA47056V20838032', 'Completed'),
(653, 38, 2584, 1, '4WA47056V20838032', 'Completed'),
(654, 38, 2606, 1, '1BS6997831375684H', 'Completed'),
(655, 38, 2609, 1, '1BS6997831375684H', 'Completed'),
(656, 38, 2610, 1, '1BS6997831375684H', 'Completed'),
(657, 38, 2614, 1, '1BS6997831375684H', 'Completed'),
(658, 38, 2452, 1, '1BS6997831375684H', 'Completed'),
(659, 37, 177, 1, '8VC461451L2476624', 'Completed'),
(660, 37, 178, 1, '8VC461451L2476624', 'Completed'),
(661, 37, 185, 1, '8VC461451L2476624', 'Completed'),
(662, 37, 197, 1, '8VC461451L2476624', 'Completed'),
(663, 37, 219, 1, '8VC461451L2476624', 'Completed'),
(664, 37, 882, 1, '8VC461451L2476624', 'Completed'),
(665, 37, 2609, 1, '8VC461451L2476624', 'Completed'),
(666, 37, 2611, 1, '8VC461451L2476624', 'Completed'),
(667, 37, 2614, 1, '8VC461451L2476624', 'Completed'),
(668, 37, 2604, 1, '8VC461451L2476624', 'Completed'),
(669, 37, 556, 1, '8VC461451L2476624', 'Completed'),
(670, 37, 230, 1, '47439898HH4874525', 'Completed'),
(671, 37, 343, 1, '47439898HH4874525', 'Completed'),
(672, 37, 802, 1, '47439898HH4874525', 'Completed'),
(673, 37, 375, 1, '47439898HH4874525', 'Completed'),
(674, 37, 297, 1, '47439898HH4874525', 'Completed'),
(675, 36, 2566, 1, '2GT50697C65270016', 'Completed'),
(676, 36, 2565, 1, '2GT50697C65270016', 'Completed'),
(677, 36, 1362, 1, '2GT50697C65270016', 'Completed'),
(678, 36, 1366, 1, '2GT50697C65270016', 'Completed'),
(679, 36, 1374, 1, '2GT50697C65270016', 'Completed'),
(680, 36, 1378, 1, '2GT50697C65270016', 'Completed'),
(681, 36, 1379, 1, '2GT50697C65270016', 'Completed'),
(682, 36, 1386, 1, '2GT50697C65270016', 'Completed'),
(683, 36, 1398, 1, '2GT50697C65270016', 'Completed'),
(684, 36, 1403, 1, '2GT50697C65270016', 'Completed'),
(685, 36, 2604, 1, '1PK05651LA338394E', 'Completed'),
(686, 36, 2608, 1, '1PK05651LA338394E', 'Completed'),
(687, 36, 2623, 1, '1PK05651LA338394E', 'Completed'),
(688, 36, 529, 1, '1PK05651LA338394E', 'Completed'),
(689, 35, 254, 1, '08R68066HL530474R', 'Completed'),
(690, 35, 424, 1, '08R68066HL530474R', 'Completed'),
(691, 35, 222, 1, '08R68066HL530474R', 'Completed'),
(692, 35, 220, 1, '08R68066HL530474R', 'Completed'),
(693, 35, 224, 1, '08R68066HL530474R', 'Completed'),
(694, 35, 786, 1, '08R68066HL530474R', 'Completed'),
(695, 35, 478, 1, '08R68066HL530474R', 'Completed'),
(696, 35, 2630, 1, '1GC30859VV737504U', 'Completed'),
(697, 35, 2627, 1, '1GC30859VV737504U', 'Completed'),
(698, 35, 2626, 1, '1GC30859VV737504U', 'Completed'),
(699, 35, 462, 1, '1GC30859VV737504U', 'Completed'),
(700, 35, 18, 1, '1GC30859VV737504U', 'Completed'),
(701, 35, 102, 1, '1GC30859VV737504U', 'Completed'),
(702, 35, 416, 1, '1GC30859VV737504U', 'Completed'),
(703, 34, 247, 1, '99478264R1789074U', 'Completed'),
(704, 34, 239, 1, '99478264R1789074U', 'Completed'),
(705, 34, 2606, 1, '99478264R1789074U', 'Completed'),
(706, 34, 1413, 1, '99478264R1789074U', 'Completed'),
(707, 34, 1356, 1, '99478264R1789074U', 'Completed'),
(708, 34, 1341, 1, '99478264R1789074U', 'Completed'),
(709, 34, 475, 1, '99478264R1789074U', 'Completed'),
(710, 34, 2608, 1, '2RA31821Y1213822Y', 'Completed'),
(711, 34, 2629, 1, '2RA31821Y1213822Y', 'Completed'),
(712, 34, 2622, 1, '2RA31821Y1213822Y', 'Completed'),
(713, 33, 2, 1, '54056225SG432454K', 'Completed'),
(714, 33, 103, 1, '54056225SG432454K', 'Completed'),
(715, 33, 99, 1, '54056225SG432454K', 'Completed'),
(716, 33, 777, 1, '54056225SG432454K', 'Completed'),
(717, 33, 127, 1, '54056225SG432454K', 'Completed'),
(718, 33, 285, 1, '54056225SG432454K', 'Completed'),
(719, 33, 2604, 1, '54056225SG432454K', 'Completed'),
(720, 33, 2617, 1, '54056225SG432454K', 'Completed'),
(721, 33, 18, 1, '1CK82983KB458441J', 'Completed'),
(722, 33, 201, 1, '1CK82983KB458441J', 'Completed'),
(723, 33, 338, 1, '1CK82983KB458441J', 'Completed'),
(724, 33, 368, 1, '1CK82983KB458441J', 'Completed'),
(725, 33, 85, 1, '1CK82983KB458441J', 'Completed'),
(726, 33, 84, 1, '1CK82983KB458441J', 'Completed'),
(727, 33, 112, 1, '1CK82983KB458441J', 'Completed'),
(728, 31, 253, 1, '13E82540JS486963E', 'Completed'),
(729, 31, 214, 1, '13E82540JS486963E', 'Completed'),
(730, 31, 197, 1, '13E82540JS486963E', 'Completed'),
(731, 31, 178, 1, '13E82540JS486963E', 'Completed'),
(732, 31, 174, 1, '13E82540JS486963E', 'Completed'),
(733, 31, 2617, 1, '13E82540JS486963E', 'Completed'),
(734, 31, 2616, 1, '13E82540JS486963E', 'Completed'),
(735, 31, 473, 1, '13E82540JS486963E', 'Completed'),
(736, 31, 2554, 1, '13E82540JS486963E', 'Completed'),
(737, 31, 2543, 1, '13E82540JS486963E', 'Completed'),
(738, 31, 60, 1, '8US69353WJ227472T', 'Completed'),
(739, 31, 237, 1, '8US69353WJ227472T', 'Completed'),
(740, 31, 241, 1, '8US69353WJ227472T', 'Completed'),
(741, 31, 234, 1, '8US69353WJ227472T', 'Completed'),
(742, 31, 232, 1, '8US69353WJ227472T', 'Completed'),
(743, 30, 1392, 1, '0XR80947421796138', 'Completed'),
(744, 30, 1311, 1, '0XR80947421796138', 'Completed'),
(745, 30, 1335, 1, '0XR80947421796138', 'Completed'),
(746, 30, 2456, 1, '0XR80947421796138', 'Completed'),
(747, 30, 2593, 1, '0XR80947421796138', 'Completed'),
(748, 30, 2595, 1, '0XR80947421796138', 'Completed'),
(749, 30, 2600, 1, '0XR80947421796138', 'Completed'),
(750, 30, 2608, 1, '0XR80947421796138', 'Completed'),
(751, 30, 249, 1, '7JD489775N4192444', 'Completed'),
(752, 30, 363, 1, '7JD489775N4192444', 'Completed'),
(753, 30, 352, 1, '7JD489775N4192444', 'Completed'),
(754, 30, 430, 1, '7JD489775N4192444', 'Completed'),
(755, 30, 417, 1, '7JD489775N4192444', 'Completed'),
(756, 29, 276, 1, '3YP74776NH829064K', 'Completed'),
(757, 29, 260, 1, '3YP74776NH829064K', 'Completed'),
(758, 29, 208, 1, '3YP74776NH829064K', 'Completed'),
(759, 29, 424, 1, '3YP74776NH829064K', 'Completed'),
(760, 29, 765, 1, '3YP74776NH829064K', 'Completed'),
(761, 29, 2614, 1, '3YP74776NH829064K', 'Completed'),
(762, 29, 15, 1, '5VS22018NE006511H', 'Completed'),
(763, 29, 32, 1, '5VS22018NE006511H', 'Completed'),
(764, 29, 125, 1, '5VS22018NE006511H', 'Completed'),
(765, 29, 201, 1, '5VS22018NE006511H', 'Completed'),
(766, 29, 338, 1, '5VS22018NE006511H', 'Completed'),
(767, 29, 2452, 1, '5VS22018NE006511H', 'Completed'),
(768, 29, 2525, 1, '5VS22018NE006511H', 'Completed'),
(769, 29, 2530, 1, '5VS22018NE006511H', 'Completed'),
(770, 29, 2543, 1, '5VS22018NE006511H', 'Completed'),
(771, 28, 230, 1, '6S865909EY3917816', 'Completed'),
(772, 28, 226, 1, '6S865909EY3917816', 'Completed'),
(773, 28, 278, 1, '6S865909EY3917816', 'Completed'),
(774, 28, 280, 1, '6S865909EY3917816', 'Completed'),
(775, 28, 330, 1, '6S865909EY3917816', 'Completed'),
(776, 28, 345, 1, '6S865909EY3917816', 'Completed'),
(777, 28, 2604, 1, '6S865909EY3917816', 'Completed'),
(778, 28, 2452, 1, '6S865909EY3917816', 'Completed'),
(779, 28, 65, 1, '9WG93017MS022941W', 'Completed'),
(780, 28, 799, 1, '9WG93017MS022941W', 'Completed'),
(781, 28, 790, 1, '9WG93017MS022941W', 'Completed'),
(782, 28, 401, 1, '9WG93017MS022941W', 'Completed'),
(783, 28, 396, 1, '9WG93017MS022941W', 'Completed'),
(784, 28, 376, 1, '9WG93017MS022941W', 'Completed'),
(785, 27, 232, 1, '6KE04550N8604621X', 'Completed'),
(786, 27, 234, 1, '6KE04550N8604621X', 'Completed'),
(787, 27, 323, 1, '6KE04550N8604621X', 'Completed'),
(788, 27, 345, 1, '6KE04550N8604621X', 'Completed'),
(789, 27, 805, 1, '6KE04550N8604621X', 'Completed'),
(790, 27, 2623, 1, '6KE04550N8604621X', 'Completed'),
(791, 27, 2627, 1, '6KE04550N8604621X', 'Completed'),
(792, 27, 73, 1, '366231395H0314051', 'Completed'),
(793, 27, 72, 1, '366231395H0314051', 'Completed'),
(794, 27, 133, 1, '366231395H0314051', 'Completed'),
(795, 27, 185, 1, '366231395H0314051', 'Completed'),
(796, 27, 184, 1, '366231395H0314051', 'Completed'),
(797, 27, 254, 1, '366231395H0314051', 'Completed'),
(798, 27, 328, 1, '366231395H0314051', 'Completed'),
(799, 26, 205, 1, '8LC78626KB9399601', 'Completed'),
(800, 26, 199, 1, '8LC78626KB9399601', 'Completed'),
(801, 26, 313, 1, '8LC78626KB9399601', 'Completed'),
(802, 26, 333, 1, '8LC78626KB9399601', 'Completed'),
(803, 26, 331, 1, '8LC78626KB9399601', 'Completed'),
(804, 26, 2627, 1, '8LC78626KB9399601', 'Completed'),
(805, 26, 2626, 1, '8LC78626KB9399601', 'Completed'),
(806, 26, 536, 1, '8LC78626KB9399601', 'Completed'),
(807, 26, 1367, 1, '8LC78626KB9399601', 'Completed'),
(808, 26, 91, 1, '5WA43103J0522805W', 'Completed'),
(809, 26, 203, 1, '5WA43103J0522805W', 'Completed'),
(810, 26, 205, 1, '5WA43103J0522805W', 'Completed'),
(811, 26, 259, 1, '5WA43103J0522805W', 'Completed'),
(812, 26, 333, 1, '5WA43103J0522805W', 'Completed'),
(813, 26, 331, 1, '5WA43103J0522805W', 'Completed'),
(814, 25, 268, 1, '4E926661YA4602844', 'Completed'),
(815, 25, 267, 1, '4E926661YA4602844', 'Completed'),
(816, 25, 270, 1, '4E926661YA4602844', 'Completed'),
(817, 25, 278, 1, '4E926661YA4602844', 'Completed'),
(818, 25, 319, 1, '4E926661YA4602844', 'Completed'),
(819, 25, 801, 1, '4E926661YA4602844', 'Completed'),
(820, 25, 2611, 1, '4E926661YA4602844', 'Completed'),
(821, 25, 2606, 1, '4E926661YA4602844', 'Completed'),
(822, 25, 479, 1, '2YH2255101150360G', 'Completed'),
(823, 25, 56, 1, '2YH2255101150360G', 'Completed'),
(824, 25, 55, 1, '2YH2255101150360G', 'Completed'),
(825, 25, 165, 1, '2YH2255101150360G', 'Completed'),
(826, 74, 49, 1, '2KV63709FC7823304', 'Completed'),
(827, 74, 52, 1, '2KV63709FC7823304', 'Completed'),
(828, 74, 69, 1, '2KV63709FC7823304', 'Completed'),
(829, 74, 81, 1, '2KV63709FC7823304', 'Completed'),
(830, 74, 89, 1, '2KV63709FC7823304', 'Completed'),
(831, 74, 454, 1, '2KV63709FC7823304', 'Completed'),
(832, 74, 146, 1, '65B691126A6853437', 'Completed'),
(833, 74, 145, 1, '65B691126A6853437', 'Completed'),
(834, 74, 142, 1, '65B691126A6853437', 'Completed'),
(835, 74, 296, 1, '65B691126A6853437', 'Completed'),
(836, 74, 278, 1, '65B691126A6853437', 'Completed'),
(837, 78, 2606, 1, '5S693414SR5408221', 'Completed'),
(838, 78, 2609, 1, '5S693414SR5408221', 'Completed'),
(839, 78, 289, 1, '5S693414SR5408221', 'Completed'),
(840, 78, 286, 1, '5S693414SR5408221', 'Completed'),
(841, 78, 428, 1, '5S693414SR5408221', 'Completed'),
(842, 78, 756, 1, '5S693414SR5408221', 'Completed'),
(843, 78, 2606, 1, '1LB8773069886761J', 'Completed'),
(844, 78, 463, 1, '1LB8773069886761J', 'Completed'),
(845, 78, 2579, 1, '1LB8773069886761J', 'Completed'),
(846, 78, 2591, 1, '1LB8773069886761J', 'Completed'),
(847, 78, 1357, 1, '1LB8773069886761J', 'Completed'),
(848, 24, 279, 1, '58D83271R38618632', 'Completed'),
(849, 24, 280, 1, '58D83271R38618632', 'Completed'),
(850, 24, 765, 1, '58D83271R38618632', 'Completed'),
(851, 24, 386, 1, '58D83271R38618632', 'Completed'),
(852, 24, 383, 1, '58D83271R38618632', 'Completed'),
(853, 24, 291, 1, '58D83271R38618632', 'Completed'),
(854, 24, 2609, 1, '58D83271R38618632', 'Completed'),
(855, 24, 2607, 1, '58D83271R38618632', 'Completed'),
(856, 24, 2610, 1, '58D83271R38618632', 'Completed'),
(857, 24, 338, 1, '1DL06912CD069483K', 'Completed'),
(858, 24, 368, 1, '1DL06912CD069483K', 'Completed'),
(859, 24, 2602, 1, '1DL06912CD069483K', 'Completed'),
(860, 24, 2591, 1, '1DL06912CD069483K', 'Completed'),
(861, 24, 1396, 1, '1DL06912CD069483K', 'Completed'),
(862, 22, 436, 1, '0EK632681U509253W', 'Completed'),
(863, 22, 174, 1, '0EK632681U509253W', 'Completed'),
(864, 22, 168, 1, '0EK632681U509253W', 'Completed'),
(865, 22, 165, 1, '0EK632681U509253W', 'Completed'),
(866, 22, 167, 1, '0EK632681U509253W', 'Completed'),
(867, 22, 156, 1, '0EK632681U509253W', 'Completed'),
(868, 22, 158, 1, '0EK632681U509253W', 'Completed'),
(869, 22, 121, 1, '44S8529507936104P', 'Completed'),
(870, 22, 275, 1, '44S8529507936104P', 'Completed'),
(871, 22, 339, 1, '44S8529507936104P', 'Completed'),
(872, 22, 2606, 1, '44S8529507936104P', 'Completed'),
(873, 22, 2625, 1, '44S8529507936104P', 'Completed'),
(874, 77, 35, 1, '8BW13136N3906700G', 'Completed'),
(875, 77, 37, 1, '8BW13136N3906700G', 'Completed'),
(876, 77, 36, 1, '8BW13136N3906700G', 'Completed'),
(877, 77, 39, 1, '8BW13136N3906700G', 'Completed'),
(878, 77, 50, 1, '8BW13136N3906700G', 'Completed'),
(879, 77, 74, 1, '8BW13136N3906700G', 'Completed'),
(880, 77, 95, 1, '8BW13136N3906700G', 'Completed'),
(881, 77, 2604, 1, '8BW13136N3906700G', 'Completed'),
(882, 77, 1344, 1, '8BW13136N3906700G', 'Completed'),
(883, 77, 1345, 1, '8BW13136N3906700G', 'Completed'),
(884, 77, 475, 1, '8BW13136N3906700G', 'Completed'),
(885, 77, 2567, 1, '8BW13136N3906700G', 'Completed'),
(886, 77, 2568, 1, '8BW13136N3906700G', 'Completed'),
(887, 43, 2611, 1, '3PF66130EN0072741', 'Completed'),
(888, 43, 2610, 1, '3PF66130EN0072741', 'Completed');

-- --------------------------------------------------------

--
-- Table structure for table `products`
--

CREATE TABLE `products` (
  `product_id` int(100) NOT NULL,
  `product_cat` int(11) NOT NULL,
  `product_brand` int(100) NOT NULL,
  `product_title` varchar(255) NOT NULL,
  `product_price` int(100) NOT NULL,
  `product_qty` int(11) NOT NULL,
  `product_desc` text NOT NULL,
  `product_image` text NOT NULL,
  `product_keywords` text NOT NULL
) ENGINE=InnoDB DEFAULT CHARSET=latin1;

--
-- Dumping data for table `products`
--

INSERT INTO `products` (`product_id`, `product_cat`, `product_brand`, `product_title`, `product_price`, `product_qty`, `product_desc`, `product_image`, `product_keywords`) VALUES
(1, 3, 1, 'Turtle Check Men Navy Blue Shirt', 23, 1000, 'Navy Blue', '15970.jpg', 'Casual'),
(2, 3, 2, 'Peter England Men Party Blue Jeans', 18, 300, 'Blue', '39386.jpg', 'Casual'),
(3, 2, 3, 'Titan Women Silver Watch', 35, 890, 'Silver', '59263.jpg', 'Casual'),
(4, 3, 4, 'Manchester United Men Solid Black Track Pants', 18, 400, 'Black', '21379.jpg', 'Casual'),
(5, 3, 5, 'Puma Men Grey T-shirt', 23, 345, 'Grey', '53759.jpg', 'Casual'),
(6, 3, 1, 'Inkfruit Mens Chain Reaction T-shirt', 23, 234, 'Grey', '1855.jpg', 'Casual'),
(7, 3, 2, 'Fabindia Men Striped Green Shirt', 23, 567, 'Green', '30805.jpg', 'Ethnic'),
(8, 2, 3, 'Jealous 21 Women Purple Shirt', 23, 4564, 'Purple', '26960.jpg', 'Casual'),
(9, 3, 4, 'Puma Men Pack of 3 Socks', 5, 1000, 'Navy Blue', '29114.jpg', 'Casual'),
(10, 3, 5, 'Skagen Men Black Watch', 35, 300, 'Black', '30039.jpg', 'Casual'),
(11, 3, 1, 'Puma Men Future Cat Remix SF Black Casual Shoes', 25, 890, 'Black', '9204.jpg', 'Casual'),
(12, 2, 2, 'Fossil Women Black Huarache Weave Belt', 12, 400, 'Black', '48123.jpg', 'Casual'),
(13, 3, 3, 'Fila Men Cush Flex Black Slippers', 17, 345, 'Black', '18653.jpg', 'Casual'),
(14, 2, 4, 'Murcia Women Blue Handbag', 26, 234, 'Blue', '47957.jpg', 'Casual'),
(15, 4, 5, 'Ben 10 Boys Navy Blue Slippers', 17, 567, 'Navy Blue', '46885.jpg', 'Casual'),
(16, 3, 1, 'Reid & Taylor Men Check Purple Shirts', 23, 4564, 'Purple', '12369.jpg', 'Formal'),
(17, 3, 2, 'Police Men Black Dial Watch PL12889JVSB', 35, 1000, 'Black', '29928.jpg', 'Casual'),
(18, 4, 3, 'Gini and Jony Girls Knit White Top', 23, 300, 'White', '42419.jpg', 'Casual'),
(19, 2, 4, 'Bwitch Beige Full-Coverage Bra BW335', 6, 890, 'Beige', '51832.jpg', 'Casual'),
(20, 2, 5, 'Baggit Women Brown Handbag', 26, 400, 'Brown', '47359.jpg', 'Casual'),
(21, 3, 1, 'CASIO G-Shock Men Black Digital Watch G-7710-1DR G223', 35, 345, 'Black', '17429.jpg', 'Casual'),
(22, 3, 2, 'ADIDAS Men Spry M Black Sandals', 16, 234, 'Black', '12967.jpg', 'Casual'),
(23, 3, 3, 'Timberland Unisex Rubber Sole Brush Shoe Accessories', 4, 567, 'Black', '6842.jpg', 'Casual'),
(24, 3, 4, 'ADIDAS Men Lfc Auth Hood Grey Sweatshirts', 23, 4564, 'Grey', '13089.jpg', 'Sports'),
(25, 3, 5, 'David Beckham Signature Men Deos', 30, 1000, 'White', '18461.jpg', 'Casual'),
(26, 3, 1, 'Buckaroo Men Flores Black Formal Shoes', 25, 300, 'Black', '9036.jpg', 'Formal'),
(27, 2, 2, 'Pitaraa Women Bronze Beaded Bracelet', 7, 890, 'Bronze', '48311.jpg', 'Casual'),
(28, 3, 3, 'Fila Men\'s Round Neck Navy Blue T-shirt', 23, 400, 'Navy Blue', '7990.jpg', 'Sports'),
(29, 2, 4, 'Colorbar Soft Touch Show Stopper Copper Lipstick 037', 3, 345, 'Brown', '56019.jpg', 'Casual'),
(30, 2, 5, 'Murcia Women Casual Brown Handbag', 26, 234, 'Brown', '21977.jpg', 'Casual'),
(31, 3, 1, 'John Players Men Navy Blue Shirt', 23, 567, 'Navy Blue', '37812.jpg', 'Formal'),
(32, 4, 2, 'Disney Kids Boy\'s Crew Sea Life Sialing Green Teen Kidswear', 23, 4564, 'Green', '4729.jpg', 'Casual'),
(33, 3, 3, 'John Players Men Brown Shirt', 23, 1000, 'Brown', '56825.jpg', 'Casual'),
(34, 3, 4, 'Gas Men Europa White Shoes', 25, 300, 'White', '39988.jpg', 'Casual'),
(35, 2, 5, 'Carlton London Women Black & Gold Toned Flats', 25, 890, 'Black', '59051.jpg', 'Casual'),
(36, 2, 1, 'Diva Women Embroided Green Kurta', 23, 400, 'Green', '20099.jpg', 'Ethnic'),
(37, 2, 2, 'Rocky S Women White Handbag', 26, 345, 'White', '58183.jpg', 'Casual'),
(38, 2, 3, 'Kiara Women Teal Handbag', 26, 234, 'Teal', '29742.jpg', 'Casual'),
(39, 2, 4, 'Fossil Women Copper Chronograph Watch CH2589', 35, 567, 'Copper', '51658.jpg', 'Casual'),
(40, 2, 5, 'Jealous 21 Women\'s Pink T-shirt', 23, 4564, 'Pink', '3954.jpg', 'Casual'),
(41, 3, 1, 'Peter England Men Formal Black Belt', 12, 1000, 'Black', '18839.jpg', 'Formal'),
(42, 2, 2, 'Catwalk Women Leather Brown Flats', 25, 300, 'Brown', '2886.jpg', 'Casual'),
(43, 3, 3, 'Maxima Ssteele Men Off White Watch', 35, 890, 'Off White', '23278.jpg', 'Casual'),
(44, 2, 4, 'W Women Printed Beige Kurta', 23, 400, 'Beige', '28690.jpg', 'Ethnic'),
(45, 3, 5, 'Scullers Men  Grey Waistcoat', 23, 345, 'Grey', '8580.jpg', 'Casual'),
(46, 3, 1, 'Nike Men\'s Incinerate MSL White Blue Shoe', 25, 234, 'White', '3168.jpg', 'Sports'),
(47, 3, 2, 'Puma Men Long Logo Black Bermuda', 18, 567, 'Black', '18005.jpg', 'Sports'),
(48, 3, 3, 'Levis Men Boxer Maroon Brief', 6, 4564, 'Maroon', '17871.jpg', 'Casual'),
(49, 3, 4, 'John Miller Men Stripes White Red Shirts', 23, 1000, 'Red', '9452.jpg', 'Formal'),
(50, 2, 5, 'Baggit Women Hood Dabang Black Belt', 12, 300, 'Black', '38402.jpg', 'Casual'),
(51, 2, 1, 'Maxima Women White Dial Watch', 35, 890, 'White', '44984.jpg', 'Casual'),
(52, 3, 2, 'Clarks Men Hang Work Leather Black Formal Shoes', 25, 400, 'Black', '10268.jpg', 'Formal'),
(53, 2, 3, 'Vishudh Women Brown Kurta', 23, 345, 'Brown', '45856.jpg', 'Ethnic'),
(54, 3, 4, 'Playboy Men Blue Titanium Briefs', 6, 234, 'Blue', '32138.jpg', 'Casual'),
(55, 3, 5, 'Arrow Men Black Formal Shoes', 25, 567, 'Black', '59435.jpg', 'Formal'),
(56, 3, 1, 'Puma Men\'s Stripe Polo Black T-shirt', 23, 4564, 'Black', '5891.jpg', 'Casual'),
(57, 2, 2, 'Nike Women Purple Polo T-shirt', 23, 1000, 'Purple', '38630.jpg', 'Casual'),
(58, 3, 3, 'Gini and Jony Boy\'s Kaleb White Brown Kidswear', 23, 300, 'White', '4943.jpg', 'Casual'),
(59, 3, 4, 'Carrera Men Dial steel finish strap Silver Watches', 35, 890, 'Silver', '11188.jpg', 'Casual'),
(60, 3, 5, 'Wrangler Men Motor Rider Red T-Shirts', 23, 400, 'Red', '10866.jpg', 'Casual'),
(61, 2, 1, 'FNF Pink & Grey Wedding Collection Sari', 7, 345, 'Grey', '59607.jpg', 'Ethnic'),
(62, 3, 2, 'Puma Men Scribble Black Tshirts', 23, 234, 'Black', '15528.jpg', 'Casual'),
(63, 3, 3, 'CASIO EDIFICE Men Black Dial Chronograph Watch ED60', 35, 567, 'Black', '45258.jpg', 'Casual'),
(64, 2, 4, 'French Connection Women Beige Handbag', 26, 4564, 'Beige', '42841.jpg', 'Casual'),
(65, 3, 5, 'Timberland Men Black Casual Shoes', 25, 1000, 'Black', '22198.jpg', 'Casual'),
(66, 3, 1, 'Vans Men Classic Slip-On Purple & Black Shoes', 25, 300, 'Purple', '29570.jpg', 'Casual'),
(67, 2, 2, 'Police Women Passion Perfume', 30, 890, 'Pink', '43993.jpg', 'Casual'),
(68, 3, 3, 'ADIDAS Men\'s Lowell White Silver Shoe', 25, 400, 'White', '6628.jpg', 'Sports'),
(69, 3, 4, 'Do U Speak Green Men Blue Shorts', 18, 345, 'Blue', '54924.jpg', 'Casual'),
(70, 3, 5, 'ID Men Red Shoes', 25, 234, 'Red', '26538.jpg', 'Casual'),
(71, 2, 1, 'Peperone Women Black & White Handbag', 26, 567, 'Black', '35913.jpg', 'Casual'),
(72, 3, 2, 'Vans Men Khaki Shoes', 25, 4564, 'Khaki', '49495.jpg', 'Casual'),
(73, 3, 3, 'Indigo Nation Men Reversible Bling Pink Shirts', 23, 1000, 'Pink', '9660.jpg', 'Casual'),
(74, 2, 4, 'Nike Women Black T-shirt', 23, 300, 'Black', '2288.jpg', 'Sports'),
(75, 3, 5, 'ADIDAS Men Blue Sweatshirt', 23, 890, 'Blue', '23876.jpg', 'Casual'),
(76, 3, 1, 'Manchester United Men Solid Red Tshirt', 23, 400, 'Red', '18237.jpg', 'Casual'),
(77, 2, 2, 'Rocia Women Black Flats', 25, 345, 'Black', '54118.jpg', 'Casual'),
(78, 2, 3, 'Catwalk Women Leather Flats', 25, 234, 'Brown', '2872.jpg', 'Casual'),
(79, 2, 4, 'Mineral Women Green Top', 23, 567, 'Green', '49653.jpg', 'Casual'),
(80, 2, 5, 'Crocs Dora Boots Pink Sandals', 16, 4564, 'Pink', '8574.jpg', 'Casual'),
(81, 3, 1, 'Image Men Sunglasses', 12, 1000, 'Black', '16957.jpg', 'Casual'),
(82, 3, 2, 'Lotto Men XL Water Man Silver Slippers', 17, 300, 'Silver', '19123.jpg', 'Casual'),
(83, 3, 3, 'United Colors of Benetton Men Solid Pink Polo T-shirts', 23, 890, 'Pink', '13419.jpg', 'Casual'),
(84, 3, 4, 'Levis Men Comfort Style Grey Innerwear Vest', 6, 400, 'Grey', '17885.jpg', 'Casual'),
(85, 3, 5, 'Reebok Men Black Possession Flip Flops', 17, 345, 'Black', '43369.jpg', 'Casual'),
(86, 2, 1, 'Lucera Women Silver Pendant', 7, 234, 'Silver', '48781.jpg', 'Casual'),
(87, 3, 2, 'Maxima Men White Dial Analog Chronograph Watch', 35, 567, 'White', '44970.jpg', 'Casual'),
(88, 2, 3, 'Streetwear Ash Nail Polish # 31', 5, 4564, 'Bronze', '56489.jpg', 'NA'),
(89, 3, 4, 'Peter England Unisex Orange Sleeve Bag', 26, 1000, 'Orange', '39524.jpg', 'Casual'),
(90, 3, 5, 'Puma Men Axis White & Grey Sports Shoes', 25, 300, 'White', '33822.jpg', 'Sports'),
(91, 2, 1, 'Tonga Women Maroon Top', 23, 890, 'Off White', '58513.jpg', 'Casual'),
(92, 2, 2, 'Femella Women Brown Scarf', 16, 400, 'Brown', '25947.jpg', 'Casual'),
(93, 3, 3, 'Just Natural Unisex Charcoal Rain Jacket', 23, 345, 'Coffee Brown', '52029.jpg', 'NA'),
(94, 3, 4, 'ADIDAS Men\'s Twelve Faster T-shirt', 23, 234, 'Black', '5865.jpg', 'Casual'),
(95, 2, 5, 'Arrow Woman Women Blue Dress', 28, 567, 'Blue', '39716.jpg', 'Casual'),
(96, 3, 1, 'Levis Men Red Brief', 6, 4564, 'Red', '25349.jpg', 'Casual'),
(97, 3, 2, 'Ganuchi Men Casual Black Sandals', 16, 1000, 'Black', '11940.jpg', 'Casual'),
(98, 2, 3, 'SDL by Sweet Dreams Women Green Printed Night Suit S11-3124', 26, 300, 'White', '55802.jpg', 'Casual'),
(99, 3, 4, 'Indigo Nation Men Printed Black T-shirt', 23, 890, 'Black', '29584.jpg', 'Casual'),
(100, 2, 5, 'DKNY Women Red Delicious Perfume', 30, 400, 'Red', '43967.jpg', 'Casual'),
(101, 2, 1, 'Urban Yoga Women Blue Skirt With Leggings', 18, 345, 'Blue', '28456.jpg', 'Sports'),
(102, 4, 2, 'Gini and Jony Girls Black Top', 23, 234, 'Black', '34009.jpg', 'Casual'),
(103, 3, 3, 'Nike Men Air Rift MTR White Casual Shoe', 25, 567, 'White', '19311.jpg', 'Casual'),
(104, 3, 4, 'ADIDAS Men White Corona Sports Shoes', 25, 4564, 'White', '42089.jpg', 'Sports'),
(105, 3, 5, 'Fastrack Unisex Black Dial Watch 9915PP13', 35, 1000, 'Black', '22950.jpg', 'Casual'),
(106, 3, 1, 'Vans Men Blue Era Scilla Plaid Shoes', 25, 300, 'Blue', '49461.jpg', 'Casual'),
(107, 3, 2, 'Crocs Kids Navy Blue Clogs', 17, 890, 'Navy Blue', '8746.jpg', 'Casual'),
(108, 3, 3, 'Classic Polo Men Vulcan White Polo Tshirts', 23, 400, 'White', '9694.jpg', 'Casual'),
(109, 3, 4, 'Fila Men Destiny Grey Sports Shoes', 25, 345, 'Grey', '23882.jpg', 'Sports'),
(110, 3, 5, 'ADIDAS Men Blue Chill Sports Shoes', 25, 234, 'Blue', '34835.jpg', 'Sports'),
(111, 3, 1, 'Turtle Check Men Yellow Shirt', 23, 567, 'Yellow', '15984.jpg', 'Casual'),
(112, 3, 2, 'Arrow Men Black Wallet', 13, 4564, 'Black', '41268.jpg', 'Casual'),
(113, 2, 3, 'Catwalk Women Gun Metal Grey Heels', 25, 1000, 'Grey', '11518.jpg', 'Casual'),
(114, 2, 4, 'United Colors of Benetton Women Solid Beige Wallets', 13, 300, 'Beige', '14856.jpg', 'Casual'),
(115, 3, 5, 'Lotto Men Ridge Brown Sandals', 16, 890, 'Brown', '33648.jpg', 'Casual'),
(116, 3, 1, 'U.S. Polo Assn. Men White & Navy Blue Shirt', 23, 400, 'White', '59297.jpg', 'Casual'),
(117, 3, 2, 'Jockey ELANCE Men Bikini White Brief 1005', 6, 345, 'White', '28032.jpg', 'Casual'),
(118, 2, 3, 'Scullers For Her Charcoal Blazer', 23, 234, 'Charcoal', '27846.jpg', 'Formal'),
(119, 2, 4, 'Jealous 21 Women Black Jeans', 18, 567, 'Black', '26994.jpg', 'Casual'),
(120, 2, 5, 'iPanema Women Red Flip Flops', 17, 4564, 'Red', '49839.jpg', 'Casual'),
(121, 2, 1, 'Fabindia Women Blue Silk Sling Bag', 26, 1000, 'Blue', '31923.jpg', 'Casual'),
(122, 2, 2, 'Carlton London Women Silver Wedge Sandal', 25, 300, 'Silver', '2618.jpg', 'Casual'),
(123, 2, 3, 'Sushilas Women Printed Green Kurta', 23, 890, 'Green', '54588.jpg', 'Ethnic'),
(124, 2, 4, 'Lucera Women Silver Ring', 7, 400, 'Silver', '49005.jpg', 'Casual'),
(125, 4, 5, 'Doodle Boy\'s Route 66 Biker Blue Teen Kidswear', 23, 345, 'Blue', '8322.jpg', 'Casual'),
(126, 3, 1, 'ADIDAS Unisex Three Small Dials White Watches', 35, 234, 'White', '13841.jpg', 'Casual'),
(127, 3, 2, 'Ray-Ban Men Active Lifestyle Copper Sunglasses', 12, 567, 'Copper', '28200.jpg', 'Casual'),
(128, 3, 3, 'ADIDAS Kids Adispeed Black Sports Shoes', 25, 4564, 'Black', '12993.jpg', 'Sports'),
(129, 3, 4, 'Scullers Men  Green Check Shirt', 23, 1000, 'Green', '7158.jpg', 'Casual'),
(130, 3, 5, 'Puma Men Fashion Cat White Slipper', 16, 300, 'White', '18495.jpg', 'Casual'),
(131, 3, 1, 'Fastrack Men Economy 2 Analg Black Watch', 35, 890, 'Black', '8110.jpg', 'Casual'),
(132, 3, 2, 'United Colors of Benetton Men Solid Blue Sweatshirt', 23, 400, 'Blue', '19547.jpg', 'Casual'),
(133, 3, 3, 'Puma Men\'s Large Logo Graphic Black T-shirt', 23, 345, 'Black', '7964.jpg', 'Sports'),
(134, 2, 4, 'Giorgio Armani Women Idole Perfume', 30, 234, 'Gold', '36934.jpg', 'Casual'),
(135, 2, 5, 'Aneri Women Black & Maroon Salwar Suit', 27, 567, 'Black', '39140.jpg', 'Ethnic'),
(136, 2, 1, 'Spice Art Women Ribbon Embroidery Red Clutch', 26, 4564, 'Red', '20851.jpg', 'Casual'),
(137, 3, 2, 'Estd. 1977 Men Beige & Green Sandals', 16, 1000, 'Beige', '41866.jpg', 'Casual'),
(138, 2, 3, 'Rocky S Women Brown Handbag', 26, 300, 'Brown', '58177.jpg', 'Casual'),
(139, 3, 4, 'Coolers Men Black Sandals', 16, 890, 'Black', '44528.jpg', 'Casual'),
(140, 3, 5, 'Levis Men Check Red Shirts', 23, 400, 'Red', '16392.jpg', 'Casual'),
(141, 2, 1, 'Tonga Women Pink Printed Shrug', 23, 345, 'Pink', '51455.jpg', 'Casual'),
(142, 3, 2, 'Chromozome Men Grey Briefs', 6, 234, 'Grey', '50587.jpg', 'Casual'),
(143, 3, 3, 'U.S. Polo Assn. Men Stripes Black  Polo Tshirt', 23, 567, 'Black', '17240.jpg', 'Casual'),
(144, 2, 4, 'Portia Women Copper-Toned & Brown Sandals', 25, 4564, 'Copper', '47530.jpg', 'Casual'),
(145, 3, 5, 'Spykar Men Black and white Check Shirt', 23, 1000, 'Black', '6617.jpg', 'Casual'),
(146, 3, 1, 'Nike Unisex Swoosh Black Backpack', 26, 300, 'Black', '12732.jpg', 'Sports'),
(147, 3, 2, 'Myntra Men\'s Brain Black T-shirt', 23, 890, 'Black', '3365.jpg', 'Casual'),
(148, 3, 3, 'Nike Men Air Relentless 2 MSL White Sports Shoes', 25, 400, 'White', '42042.jpg', 'Sports'),
(149, 3, 4, 'ADIDAS Men Black Anzo Breeze Casual Shoes', 25, 345, 'Black', '23849.jpg', 'Casual'),
(150, 2, 5, 'Fastrack Women White Dial Watch', 35, 234, 'White', '43190.jpg', 'Casual'),
(151, 3, 1, 'Revv Men Steel Bracelet', 7, 567, 'Steel', '48578.jpg', 'Casual'),
(152, 2, 2, 'Lovable Women All Day Long Black Bra', 6, 4564, 'Black', '30462.jpg', 'Casual'),
(153, 3, 3, 'Manchester United Men Solid White Cap', 24, 1000, 'White', '18208.jpg', 'Casual'),
(154, 2, 4, 'Rocia Women Black Heels', 25, 300, 'Black', '54127.jpg', 'Casual'),
(155, 3, 5, 'Puma Men ducati logo tee Yellow Tshirts', 23, 890, 'Yellow', '10065.jpg', 'Casual'),
(156, 3, 1, 'Numero Uno Men White Casual Shoes', 25, 400, 'White', '24250.jpg', 'Casual'),
(157, 3, 2, 'Q&Q Men Silver-Toned Dial Analogue Watch Q252J404Y', 35, 345, 'Silver', '32335.jpg', 'Casual'),
(158, 3, 3, 'Levis Men White Innerwear Vest', 6, 234, 'White', '25382.jpg', 'Casual'),
(159, 3, 4, 'Maxima Men Black Dial Watch', 35, 567, 'Black', '56670.jpg', 'Casual'),
(160, 3, 5, 'Wrangler Men\'s Minstrel Shoulder Loop Purple T-shirt', 23, 4564, 'Purple', '5092.jpg', 'Casual'),
(161, 3, 1, 'Wrangler Men Furious Rides Navy Blue T-Shirts', 23, 1000, 'Navy Blue', '10859.jpg', 'Casual'),
(162, 2, 2, 'FNF Green Wedding Collection Sari', 7, 300, 'Green', '59638.jpg', 'Ethnic'),
(163, 3, 3, 'Rockport Men LLandro Red Casual Shoes', 25, 890, 'Red', '15517.jpg', 'Casual'),
(164, 2, 4, 'Skechers Women Green Shoe', 25, 400, 'Green', '4140.jpg', 'Casual'),
(165, 3, 5, 'Maxima Men Ssteele Silver Dial Watch', 35, 345, 'Silver', '36795.jpg', 'Casual'),
(166, 3, 1, 'Titan Men Gold Dial Watch', 35, 234, 'Gold', '40527.jpg', 'Casual'),
(167, 3, 2, 'John Miller Men Solid Type Black Trousers', 18, 567, 'Black', '10257.jpg', 'Formal'),
(168, 3, 3, 'Locomotive Men Navy Blue Printed T-shirt', 23, 4564, 'Navy Blue', '24062.jpg', 'Casual'),
(169, 3, 4, 'Maxima Men Brown Dial Watch', 35, 1000, 'Brown', '45869.jpg', 'Casual'),
(170, 2, 5, 'United Colors Of Benetton Women Light Winter Black Sweatshirts', 23, 300, 'Black', '11385.jpg', 'Casual'),
(171, 2, 1, 'Catwalk Women Brown Sandals', 25, 890, 'Brown', '53130.jpg', 'Casual'),
(172, 2, 2, 'Nike Fragrances Women 5th Element Perfume 150 ml', 30, 400, 'White', '44187.jpg', 'Casual'),
(173, 2, 3, 'Kiara Women Graphiti White Handbag', 26, 345, 'White', '21510.jpg', 'Casual'),
(174, 3, 4, 'Louis Philippe Men Grey Sunglasses', 12, 234, 'Grey', '51667.jpg', 'Casual'),
(175, 3, 5, 'Mark Taylor Men Striped Blue Shirt', 23, 567, 'Blue', '22395.jpg', 'Casual'),
(176, 2, 1, 'Fabindia Women Anusuya Silver Earrings', 7, 4564, 'Silver', '35322.jpg', 'Ethnic'),
(177, 3, 2, 'Lotto Unisex Canvas Black Check Shoe', 25, 1000, 'Black', '6425.jpg', 'Casual'),
(178, 3, 3, 'Peter England Men Casual Tan Belt', 12, 300, 'Tan', '18806.jpg', 'Casual'),
(179, 3, 4, 'Arrow Men Formal Black Shoe', 25, 890, 'Black', '23247.jpg', 'Formal'),
(180, 2, 5, 'Lino Perros Women Weaved  Grey Belt', 12, 400, 'Grey', '17072.jpg', 'Casual'),
(181, 2, 1, 'Lee Women Paula Blue Top', 23, 345, 'Blue', '31782.jpg', 'Casual'),
(182, 3, 2, 'Vans Unisex Black & Grey Classic Shoes', 25, 234, 'Black', '42270.jpg', 'Casual'),
(183, 3, 3, 'United Colors of Benetton Men Short Black Shirts', 23, 567, 'Black', '12500.jpg', 'Casual'),
(184, 3, 4, 'Reebok Men Pack of 2 Pirates of the Caribbean Deos', 30, 4564, 'Black', '26735.jpg', 'Casual'),
(185, 3, 5, 'Nike Men Printed Black T-shirt', 23, 1000, 'Black', '30650.jpg', 'Casual'),
(186, 2, 1, 'Colorbar Soft Touch Mousse Lipstick 025', 3, 300, 'Brown', '56026.jpg', 'Casual'),
(187, 2, 2, 'Murcia Women Casual Brown Handbag', 26, 890, 'Brown', '21948.jpg', 'Casual'),
(188, 2, 3, 'ONLY Women directoire blue Trousers', 18, 400, 'Blue', '32563.jpg', 'Casual'),
(189, 2, 4, 'Colour me Women Flowers Deo', 30, 345, 'Pink', '58980.jpg', 'Casual'),
(190, 4, 5, 'Gini and Jony Girls Pretty Blossom Blue Top', 23, 234, 'Blue', '40143.jpg', 'Casual'),
(191, 3, 1, 'Carlton London Men Formal Brown Formal Shoes', 25, 567, 'Brown', '10633.jpg', 'Formal'),
(192, 2, 2, 'Vishudh Women Red Printed Kurta', 23, 4564, 'Red', '24406v', 'Ethnic'),
(193, 3, 3, 'ADIDAS Unisex Response ST Analogue Black Watch', 35, 1000, 'Black', '4716.jpg', 'Sports'),
(194, 2, 4, 's.Oliver Women Stripes Beige Top', 23, 300, 'Beige', '21174.jpg', 'Casual'),
(195, 2, 5, 'Nike Women Solid Pink Shorts', 18, 890, 'Pink', '15341.jpg', 'Sports'),
(196, 2, 1, 'Red Rose Maroon Camisole', 6, 400, 'Maroon', '52486.jpg', 'Casual'),
(197, 3, 2, 'Probase Multicoloured Printed Boxers', 6, 345, 'Multi', '53554.jpg', 'Casual'),
(198, 3, 3, 'Classic Polo Men Stripes Blue Tshirts', 23, 234, 'Blue', '14293.jpg', 'Casual'),
(199, 2, 4, 'Baggit Women Blue Bag', 26, 567, 'Blue', '47366.jpg', 'Casual'),
(200, 3, 5, 'UCB Men\'s Polo Neck With Lion Logo Navy Blue T-shirt', 23, 4564, 'Navy Blue', '6041.jpg', 'Casual'),
(201, 4, 1, 'Doodle Kids Girls Pink I love Shopping Top', 23, 1000, 'Pink', '23623.jpg', 'Casual'),
(202, 3, 2, 'Lotto Men Atlantica Black Sports Shoe', 25, 300, 'Black', '17416.jpg', 'Sports'),
(203, 2, 3, 'Little Miss Women Printed Grey T-shirt', 23, 890, 'Grey', '9835.jpg', 'Casual'),
(204, 3, 4, 'ADIDAS Unisex Chicago Bulls Red Backpack', 26, 400, 'Red', '29319.jpg', 'Casual'),
(205, 2, 5, 'Jealous 21 Women Black Jegging', 18, 345, 'Black', '7193.jpg', 'Casual'),
(206, 3, 1, 'ADIDAS Men Sports Black Sports Shoes', 25, 234, 'Black', '12958.jpg', 'Sports'),
(207, 2, 2, 'Mother Earth Women Magenta Kurta', 23, 567, 'Magenta', '27283.jpg', 'Ethnic'),
(208, 3, 3, 'Numero Uno Men Black Flip Flops', 17, 4564, 'Black', '30234.jpg', 'Casual'),
(209, 2, 4, 'Murcia Women Snake Print Bag Brown Handbags', 26, 1000, 'Brown', '9009.jpg', 'Casual'),
(210, 3, 5, 'Myntra Men\'s If You Don\'t Like Navy Blue T-shirt', 23, 300, 'Navy Blue', '3533.jpg', 'Casual'),
(211, 2, 1, 'Estelle Women Earrings & Pendant Set', 7, 890, 'Gold', '42614.jpg', 'Casual'),
(212, 2, 2, 'Aurelia Women Voile Orange Dupatta', 23, 400, 'Orange', '12164.jpg', 'Ethnic'),
(213, 2, 3, 'DKNY Women White Dial Watch NY8472', 35, 345, 'White', '26351.jpg', 'Casual'),
(214, 3, 4, 'ADIDAS Men Solid Navy Blue Track Pant', 18, 234, 'Navy Blue', '17624.jpg', 'Sports'),
(215, 4, 5, 'Gini and Jony Girls Black Capris', 18, 567, 'Black', '47154.jpg', 'Casual'),
(216, 3, 1, 'Gliders Men Esquire Red Flip Flops', 17, 4564, 'Red', '35574.jpg', 'Casual'),
(217, 2, 2, 'ADIDAS Women Lavender Hagkok Sports Shoes', 25, 1000, 'Lavender', '46086.jpg', 'Sports'),
(218, 2, 3, 'Enamor White Bra', 6, 300, 'White', '51031.jpg', 'Casual'),
(219, 3, 4, 'Gini and Jony Kids Boys Solid Black Shorts', 18, 890, 'Black', '13284.jpg', 'Casual'),
(220, 3, 5, 'F Sports Men White Outlander Sports Shoes', 25, 400, 'White', '54543.jpg', 'Casual'),
(221, 2, 1, 'Revlon Gold Dust Poussiere Doree Colorburst Lip Gloss 024', 3, 345, 'Brown', '55491.jpg', 'Casual'),
(222, 3, 2, 'John Miller Men Dark Grey Trousers', 18, 234, 'Grey', '26163.jpg', 'Formal'),
(223, 2, 3, 'Tantra Women Flower Heart Black Long T-shirt', 23, 567, 'Black', '3701.jpg', 'Casual'),
(224, 3, 4, 'Police Men White Dial Watch PL12698JS', 35, 4564, 'White', '29917.jpg', 'Casual'),
(225, 2, 5, 'Aurelia Women Sea Green Kurta', 23, 1000, 'Sea Green', '42426.jpg', 'Ethnic'),
(226, 3, 1, 'FILA Men Liga II Black Shoes', 25, 300, 'Black', '32751.jpg', 'Casual'),
(227, 2, 2, 'Estelle Women Gold Earrings', 7, 890, 'Gold', '56214.jpg', 'Casual'),
(228, 2, 3, 'Jealous 21 Women Uaine Purple Tops', 23, 400, 'Purple', '10401.jpg', 'Casual'),
(229, 2, 4, 'Tokyo Talkies Women Navy Slim Fit Jeans', 18, 345, 'Navy Blue', '40371.jpg', 'Casual'),
(230, 3, 5, 'Pal Zileri Men Casual Gold Frame Sunglasses', 12, 234, 'Gold', '21346.jpg', 'Casual'),
(231, 3, 1, 'Arrow Men Black Formal Shoes', 25, 567, 'Black', '45603.jpg', 'Formal'),
(232, 3, 2, 'Puma Men\'s YugoRun Black White Shoe', 25, 4564, 'Black', '4524.jpg', 'Sports'),
(233, 2, 3, 'United Colors of Benetton Women Blue Top', 23, 1000, 'Blue', '37223.jpg', 'Casual'),
(234, 3, 4, 'Puma Men White and Navy Blue T-shirt', 23, 300, 'White', '53766.jpg', 'Casual'),
(235, 4, 5, 'Doodle Kids Girls City Chic White Top', 23, 890, 'White', '25520.jpg', 'Casual'),
(236, 2, 1, 'ONLY Women Black Top', 23, 400, 'Black', '32597.jpg', 'Casual'),
(237, 3, 2, 'Colour me Men Gold Deo', 30, 345, 'Gold', '58974.jpg', 'Casual'),
(238, 2, 3, 'Baggit Women Lamboo Mayur Black Wallet', 13, 234, 'Black', '33445.jpg', 'Casual'),
(239, 2, 4, 'Elle Women Dark Pink Top', 23, 567, 'Pink', '57100.jpg', 'Casual'),
(240, 2, 5, 'Nike Women Free Run Pink Sports Shoes', 25, 4564, 'Pink', '36137.jpg', 'Sports'),
(241, 3, 1, 'Estd. 1977 Men Black Sandals', 16, 1000, 'Black', '41859.jpg', 'Casual'),
(242, 3, 2, 'ADIDAS Men Adi Cells Black Flip Flops', 17, 300, 'Black', '21180.jpg', 'Casual'),
(243, 3, 3, 'GAS Men Brown Count Casual Shoes', 25, 890, 'Brown', '39943.jpg', 'Casual'),
(244, 2, 4, 'Red Rose Women White & Pink Polka Dot Print Bath Robe', 26, 400, 'Pink', '52472.jpg', 'Casual'),
(245, 3, 5, 'Puma Unisex White Cap', 24, 345, 'White', '58148.jpg', 'Casual'),
(246, 2, 1, 'United Colors Of Benetton Women Yellow Muffler', 23, 234, 'Yellow', '20052.jpg', 'Casual'),
(247, 2, 2, 'ADIDAS Women\'s Adi Groove Blue Flip Flop', 17, 567, 'Blue', '5630.jpg', 'Casual'),
(248, 3, 3, 'Coolers Men Brown Pokar Flip Flops', 17, 4564, 'Brown', '44517.jpg', 'Casual'),
(249, 2, 4, 'Baggit Women Beige Bag', 26, 1000, 'Beige', '47392.jpg', 'Casual'),
(250, 2, 5, 'Aurelia Women Navy Blue Kurta', 23, 300, 'Navy Blue', '50325.jpg', 'Ethnic'),
(251, 3, 1, 'Puma Men Cabana Racer Sketch White Sports Shoes', 25, 890, 'White', '8913.jpg', 'Sports'),
(252, 3, 2, 'Locomotive Men Check Red Shirt', 23, 400, 'Red', '16530.jpg', 'Casual'),
(253, 3, 3, 'Nike Men White Capri II Casual Shoe', 25, 345, 'White', '22705.jpg', 'Casual'),
(254, 3, 4, 'Scullers Men Scul Purple White Shirt', 23, 234, 'Purple', '7167.jpg', 'Casual'),
(255, 2, 5, 'Fusion Beats Women White Printed Tunic', 23, 567, 'White', '46240.jpg', 'Casual'),
(256, 2, 1, 'Mother Earth Women Blue Kurta', 23, 4564, 'Green', '27277.jpg', 'Ethnic'),
(257, 2, 2, 'Inc 5 Women Brown Heels', 25, 1000, 'Brown', '13042.jpg', 'Casual'),
(258, 2, 3, 'Forever New Women Stone Cream Jacket', 23, 300, 'Cream', '6889.jpg', 'Casual'),
(259, 2, 4, 'W Women Peach Kurta', 23, 890, 'Peach', '31312.jpg', 'Ethnic'),
(260, 3, 5, 'Basics Men Blue Slim Fit Checked Shirt', 23, 400, 'Blue', '12190.jpg', 'Casual'),
(261, 2, 1, 'Catwalk Women Golden Wedges', 25, 345, 'Gold', '55657.jpg', 'Casual'),
(262, 2, 2, 'United Colors of Benetton Women Solid Purple Top', 23, 234, 'Purple', '19578.jpg', 'Casual'),
(263, 2, 3, 'Scullers For Her Women Blue Top', 23, 567, 'Blue', '27879.jpg', 'Casual'),
(264, 2, 4, 'Rocia Women Copper Sandals', 25, 4564, 'Copper', '34452.jpg', 'Casual'),
(265, 3, 5, 'Classic Polo Men\'s Swiss Yellow T-shirt', 23, 1000, 'Yellow', '6287.jpg', 'Casual'),
(266, 3, 1, 'Tantra Men\'s Black Sabbath Navy T-shirt', 23, 300, 'Navy Blue', '7355.jpg', 'Casual'),
(267, 3, 2, 'Lino Perros Men Black Leather Belt', 12, 890, 'Black', '46072.jpg', 'Casual'),
(268, 3, 3, 'Gas Men Eldorado Tan Casual  Sandals', 16, 400, 'Tan', '22537.jpg', 'Casual'),
(269, 2, 4, 'Enamor Women Pack of 3 Mid-Rise Bikini Brief', 6, 345, 'Brown', '28831.jpg', 'Casual'),
(270, 3, 5, 'French Connection Men White T-shirt', 23, 234, 'White', '43500.jpg', 'Casual'),
(271, 2, 1, 'Carlton London Women Wedge Silver Sandal', 25, 567, 'Silver', '2627.jpg', 'Casual'),
(272, 2, 2, 'Yelloe Off White Fur Zip Clutch', 26, 4564, 'Off White', '27045.jpg', 'Casual'),
(273, 2, 3, 'Palm Tree Kids Girls Printed White Tops', 23, 1000, 'White', '13270.jpg', 'Casual'),
(274, 3, 4, 'Hanes Men Grey Ultimate Duo Dry Cotton Stretch Bikini Briefs', 6, 300, 'Grey', '18698.jpg', 'Casual'),
(275, 2, 5, 'Revlon Super Lusterous Lipstick 304', 3, 890, 'Red', '55465.jpg', 'Casual'),
(276, 3, 1, 'Formula 1 Go Men Perfume', 30, 400, 'Green', '26197.jpg', 'Casual'),
(277, 4, 2, 'Palm Tree Girls Pink Top', 23, 345, 'Pink', '31120.jpg', 'Casual'),
(278, 3, 3, 'ADIDAS Unisex Blue Cap', 24, 234, 'Blue', '25712.jpg', 'Sports'),
(279, 3, 4, 'United Colors of Benetton Men Olive Tshirts', 23, 567, 'Olive', '11527.jpg', 'Casual'),
(280, 3, 5, 'United Colors of Benetton Men Solid Black Wallets', 13, 4564, 'Black', '14869.jpg', 'Casual'),
(281, 2, 1, 'Tokyo Talkies Women Yellow Top', 23, 1000, 'Yellow', '40385.jpg', 'Casual'),
(282, 3, 2, 'Arrow Sport Men Solid White Polo Tshirts', 23, 300, 'White', '15187.jpg', 'Casual'),
(283, 2, 3, 'Kalenji Ekiden 200 Wn Purple 2011', 25, 890, 'Purple', '5402.jpg', 'Sports'),
(284, 2, 4, 'Lotto Women Coral Elegant Flip Flops', 17, 400, 'Orange', '44725.jpg', 'Casual'),
(285, 3, 5, 'Flying Machine Men Check Green Shirts', 23, 345, 'Green', '14055.jpg', 'Casual'),
(286, 3, 1, 'Wrangler Men Applique Navy Blue Tshirt', 23, 234, 'Navy Blue', '20260.jpg', 'Casual'),
(287, 3, 2, 'Puma Men\'s Winglet II Grey Yellow White Flip Flop', 17, 567, 'Grey', '7731.jpg', 'Casual'),
(288, 3, 3, 'Lee Cooper Men Brown Casual Sandals', 16, 4564, 'Brown', '22153.jpg', 'Casual'),
(289, 3, 4, 'Puma Men Olive Techno Ind Sandal', 16, 1000, 'Olive', '43958.jpg', 'Casual'),
(290, 2, 5, 'Urban Yoga Women Printed Pink T-shirt', 23, 300, 'Pink', '28469.jpg', 'Casual'),
(291, 3, 1, 'Chromozome Men Charcoal Trunk Trunks', 6, 890, 'Charcoal', '50573.jpg', 'Casual'),
(292, 4, 2, 'Palm Tree Boys Check Blue Shirt', 23, 400, 'Blue', '34036.jpg', 'Casual'),
(293, 2, 3, 'Lakme Absolute Lip Last Day Kiss Lip Colour', 3, 345, 'Pink', '55001.jpg', 'NA'),
(294, 3, 4, 'Indigo Nation Men Club Satin Hot Stepper Navy Blue Shirt', 23, 234, 'Navy Blue', '8779.jpg', 'Casual'),
(295, 2, 5, 'Murcia Women White With Stitch Bag', 26, 567, 'White', '3391.jpg', 'Casual'),
(296, 3, 1, 'Fastrack Men Black Watch', 35, 4564, 'Black', '43164.jpg', 'Casual'),
(297, 3, 2, 'ADIDAS Men Stripe Polo White Polo T-shirt', 23, 1000, 'White', '2243.jpg', 'Sports'),
(298, 2, 3, 'Lovable Women Fiona Purple Bra', 6, 300, 'Purple', '30496.jpg', 'Casual'),
(299, 2, 4, 'Jockey Women Blue Lounge Pants', 26, 890, 'Blue', '27421.jpg', 'Casual'),
(300, 2, 5, 'Lotus Herbals Neem & Clove Purifying Face Wash', 8, 400, 'Green', '57756.jpg', 'Casual'),
(301, 2, 1, 'Sepia Women Printed Magenta Top', 23, 345, 'Magenta', '33213.jpg', 'Casual'),
(302, 2, 2, 'Arrow Woman Olive Top', 23, 234, 'Olive', '39729.jpg', 'Casual'),
(303, 3, 3, 'Levis Men Grey Innerwear T-Shirt', 6, 567, 'Grey', '25376.jpg', 'Casual'),
(304, 3, 4, 'Scullers Men Price Catch Black Shirts', 23, 4564, 'Black', '11143.jpg', 'Casual'),
(305, 2, 5, 'Fabindia Beige & Maroon Mull Printed Saree', 7, 1000, 'Beige', '56684.jpg', 'Ethnic'),
(306, 2, 1, 'Gini and Jony Girl\'s Vanya White Polka Dot Kidswear', 28, 300, 'White', '4988.jpg', 'Casual'),
(307, 3, 2, 'Indian Terrain Men Blue T-shirt', 23, 890, 'Blue', '44341.jpg', 'Casual'),
(308, 2, 3, 'Enroute Women Casual Black Flats', 25, 400, 'Black', '14431.jpg', 'Casual'),
(309, 2, 4, 'Baggit Women Umbrella Dum Brown Handbag', 26, 345, 'Brown', '20604.jpg', 'Casual'),
(310, 2, 5, 'Lencia Grey Swarovski Pearl Necklace', 7, 234, 'Silver', '52224.jpg', 'Casual'),
(311, 2, 1, 'CASIO SHEEN Women Red Dial Watch SX017', 35, 567, 'Red', '45293.jpg', 'Casual'),
(312, 3, 2, 'Maxima Men Black Watch', 35, 4564, 'Black', '36761.jpg', 'Casual'),
(313, 2, 3, 'Mother Earth Women Printed Cream Kurta', 23, 1000, 'Cream', '33021.jpg', 'Ethnic'),
(314, 2, 4, 'Lino Perros Women Leatherite Orange Handbag', 26, 300, 'Orange', '25144.jpg', 'Casual'),
(315, 3, 5, 'United Colors Of Benetton Men Summer Black Shirts', 23, 890, 'Black', '11371.jpg', 'Casual'),
(316, 2, 1, 'Wrangler Women White Smocked Top', 23, 400, 'White', '41401.jpg', 'Casual'),
(317, 3, 2, 'United Colors of Benetton Men Pack of 2 Grey Socks', 5, 345, 'Grey', '14603.jpg', 'Casual'),
(318, 2, 3, 'Esprit Women White Dial Watch', 35, 234, 'White', '37481.jpg', 'Casual'),
(319, 3, 4, 'Wildcraft Unisex Red Duffle Bag', 26, 567, 'Red', '5254.jpg', 'Casual'),
(320, 2, 5, 'Nike Fragrances Women Trendy Perfume 75ml', 30, 4564, 'Pink', '44173.jpg', 'Casual'),
(321, 2, 1, 'J.Del Pozo Halloween Kiss Sexy Women Perfume', 30, 1000, 'Pink', '25978.jpg', 'Casual'),
(322, 3, 2, 'Wrangler Cowboy Photo T-shirt', 23, 300, 'Grey', '4386.jpg', 'Casual'),
(323, 3, 3, 'Van Heusen Unisex Brown Sunglasses', 12, 890, 'Brown', '51693.jpg', 'Casual'),
(324, 3, 4, 'Enroute Men Leather Black Formal Shoes', 25, 400, 'Black', '16154.jpg', 'Formal'),
(325, 3, 5, 'Reebok Men Navy Twist Sandals', 16, 345, 'Navy Blue', '22361.jpg', 'Casual'),
(326, 3, 1, 'Basics Men Pack of 3 T-shirt', 23, 234, 'Pink', '29789.jpg', 'Casual'),
(327, 3, 2, 'Wildcraft Unisex Black Outdoor Backpack', 26, 567, 'Black', '19920.jpg', 'Casual'),
(328, 3, 3, 'Nike Men\'s As Icon Blue T-shirt', 23, 4564, 'Blue', '7503.jpg', 'Sports'),
(329, 3, 4, 'Rasasi Men Emotion Deo and Perfume Set', 30, 1000, 'Grey', '46624.jpg', 'Casual'),
(330, 3, 5, 'Proline Men Navy Track Pants', 18, 300, 'Navy Blue', '34204.jpg', 'Casual'),
(331, 2, 1, 'Lino Perros Women Blue Zip Orange Wallet', 13, 890, 'Orange', '17086.jpg', 'Casual'),
(332, 3, 2, 'Red Chief Men Black Shoes', 25, 400, 'Black', '50741.jpg', 'Casual'),
(333, 2, 3, 'Lakme Nine to Five Flawless Makeup Shell Foundation', 36, 345, 'Skin', '55233.jpg', 'Casual'),
(334, 3, 4, 'United Colors of Benetton Men Stripes Red  Polo T-shirts', 23, 234, 'Red', '13426.jpg', 'Casual'),
(335, 2, 5, 'Reebok Women Charcoal Grey Fuel Techno Sports Shoes', 25, 567, 'Charcoal', '43356.jpg', 'Sports'),
(336, 3, 1, 'Ray-Ban Men Active Lifestyle Black Sunglasses', 12, 4564, 'Black', '28207.jpg', 'Casual'),
(337, 3, 2, 'John Miller Men Stripes Blue Shirts', 23, 1000, 'Blue', '13846.jpg', 'Casual'),
(338, 4, 3, 'ADIDAS Kids Boys Duramo Synthetic Black Sports Shoes', 25, 300, 'Black', '12994.jpg', 'Sports'),
(339, 2, 4, '109F Women Red & White Striped Tunic', 23, 890, 'Red', '46278.jpg', 'Casual'),
(340, 3, 5, 'Locomotive Men Washed Blue Jeans', 18, 400, 'Blue', '16508.jpg', 'Casual'),
(341, 3, 1, 'Puma Men Danny Blue Slipper', 17, 345, 'Blue', '18492.jpg', 'Casual'),
(342, 3, 2, 'United Colors of Benetton Men Solid Blue Sweater', 23, 234, 'Blue', '19540.jpg', 'Casual'),
(343, 3, 3, 'Puma Men\'s Large Logo Graphic White French T-shirt', 23, 567, 'White', '7963.jpg', 'Sports'),
(344, 3, 4, 'Fastrack Men New Analog Black Navy Watch', 35, 4564, 'Black', '8117.jpg', 'Casual'),
(345, 3, 5, 'Calzini Men Pack of 5 Sports Socks', 5, 1000, 'Black', '49230.jpg', 'Casual'),
(346, 2, 1, 'Aneri Women Purple Salwar Suit', 27, 300, 'Purple', '39147.jpg', 'Ethnic'),
(347, 2, 2, 'Bulgari Women Omnia Perfume', 30, 890, 'Purple', '36933.jpg', 'Casual'),
(348, 2, 3, 'Elle Women Brown Trousers', 18, 400, 'Brown', '57138.jpg', 'Casual'),
(349, 3, 4, 'United Colors of Benetton Men Casual Black Shoes', 25, 345, 'Black', '20856.jpg', 'Casual'),
(350, 3, 5, 'Estd. 1977 Men Black Sandals', 16, 234, 'Black', '41861.jpg', 'Casual'),
(351, 3, 1, 'ADIDAS Men Kendall Black Navy Floater', 16, 567, 'Black', '5608.jpg', 'Casual'),
(352, 2, 2, 'Rocky S Women Red Clutch', 26, 4564, 'Red', '58170.jpg', 'Casual'),
(353, 3, 3, 'Q&Q Men Black Digital Watch', 10, 1000, 'Black', '53598.jpg', 'Sports'),
(354, 3, 4, 'Turtle Solid Men  Burgundy Shirt', 23, 300, 'Burgundy', '15983.jpg', 'Casual'),
(355, 2, 5, 'Helix Women Silver Dial Watch', 35, 890, 'Silver', '39375.jpg', 'Casual'),
(356, 2, 1, 'United Colors of Benetton Women Solid Coffee Brown Wallets', 13, 400, 'Coffee Brown', '14851.jpg', 'Casual'),
(357, 3, 2, 'Titan Men Black Dial Watch', 35, 345, 'Black', '59290.jpg', 'Casual'),
(358, 3, 3, 'Morellato Men Black Watch', 35, 234, 'Black', '52678.jpg', 'Casual'),
(359, 3, 4, 'Wrangler Men Polo Charcoal T-shirt', 23, 567, 'Brown', '20258.jpg', 'Casual'),
(360, 3, 5, 'Franco Leone Men Brown Sandals', 16, 4564, 'Brown', '47198.jpg', 'Casual'),
(361, 3, 1, 'Bulchee Men Plain Jeans White Belt', 12, 1000, 'White', '27841.jpg', 'Casual'),
(362, 3, 2, 'Jockey ELANCE Men Grey Melange Y Front Briefs 1006', 6, 300, 'Grey Melange', '28035.jpg', 'Casual'),
(363, 2, 3, 'Fabindia Women Black Silk Handbag', 26, 890, 'Black', '31924.jpg', 'Casual'),
(364, 2, 4, 'Jealous 21 Women Washed Blue Jeans', 18, 400, 'Blue', '26993.jpg', 'Casual'),
(365, 3, 5, 'Palm Tree Kids Boy Solid Brown Trousers', 18, 345, 'Brown', '13248.jpg', 'Casual'),
(366, 2, 1, 'French Connection Women Blue Top', 23, 234, 'Blue', '43538.jpg', 'Casual'),
(367, 4, 2, 'Doodle Boy\'s Athletic 77 Dept Yellow Teen Kidswear', 23, 567, 'Yellow', '8325.jpg', 'Casual'),
(368, 4, 3, 'Gini and Jony Girls Red Top', 23, 4564, 'Red', '31118.jpg', 'Casual'),
(369, 3, 4, 'ADIDAS Men Vigor Blue Casual Shoes', 25, 1000, 'Blue', '19772.jpg', 'Casual'),
(370, 3, 5, 'Lino Perros Men Pack of 2 Socks', 5, 300, 'Grey', '46876.jpg', 'Casual'),
(371, 3, 1, 'ADIDAS Men\'s Stripe Black T-shirt', 23, 890, 'Black', '5862.jpg', 'Casual'),
(372, 3, 2, 'ADIDAS Original Men Black Dial Chronograph Watch ADH2641', 35, 400, 'Black', '39711.jpg', 'Casual'),
(373, 2, 3, 'Enroute Women Casual White Heels', 25, 345, 'White', '14409.jpg', 'Casual'),
(374, 3, 4, 'Puma Men Grey T-shirt', 23, 234, 'Grey', '58726.jpg', 'Casual'),
(375, 3, 5, 'ADIDAS Men Intense Touch  Perfume', 30, 567, 'Black', '44379.jpg', 'Casual'),
(376, 3, 1, 'Ganuchi Men Casual Olive Sandals', 16, 4564, 'Olive', '11947.jpg', 'Casual'),
(377, 3, 2, 'Maxima Men White Dial Watch', 35, 1000, 'White', '36759.jpg', 'Casual'),
(378, 2, 3, 'Denizen Women Blue Jeans', 18, 300, 'Blue', '51499.jpg', 'Casual'),
(379, 2, 4, 'Puma Women Grace Silver Sandals', 25, 890, 'Silver', '29583.jpg', 'Casual'),
(380, 2, 5, 'SDL by Sweet Dreams Women Pink & Black Printed Night Suit S11-3134', 26, 400, 'Pink', '55805.jpg', 'Casual'),
(381, 2, 1, 'Jealous 21 Women\'s Aaren Black Jegging', 18, 345, 'Black', '7709.jpg', 'Casual'),
(382, 2, 2, 'Urban Yoga Women Black Track Pants', 18, 234, 'Black', '28451.jpg', 'Casual'),
(383, 3, 3, 'Indigo Nation Men Grey Striped Shirt', 23, 567, 'Grey', '43960.jpg', 'Formal'),
(384, 3, 4, 'Indigo Nation Men Checks Shirt Navy Blue Shirts', 23, 4564, 'Navy Blue', '8741.jpg', 'Casual'),
(385, 2, 5, 'Lakme Absolute Matte Merlot Lipstick 45', 3, 1000, 'Brown', '55039.jpg', 'Casual'),
(386, 3, 1, 'Nike Unisex Hayward 25M Grey Backpack', 26, 300, 'Grey', '19316.jpg', 'Casual'),
(387, 2, 2, 'Jockey Women Black Lounge Pants', 26, 890, 'Black', '27419.jpg', 'Casual'),
(388, 3, 3, 'ADIDAS Men Sukoi White Sports Shoes', 25, 400, 'White', '34832.jpg', 'Sports'),
(389, 3, 4, 'Fila Men Grey Hex Sports Shoes', 25, 345, 'Grey', '23885.jpg', 'Sports'),
(390, 3, 5, 'Wildcraft Unisex Black Backpack', 26, 234, 'Black', '19918.jpg', 'Casual'),
(391, 3, 1, 'John Players Men Check Blue Shirt', 23, 567, 'Blue', '22359.jpg', 'Casual'),
(392, 2, 2, 'Lotto Women XL Kelly Pink Slippers', 17, 4564, 'Pink', '19124.jpg', 'Casual'),
(393, 3, 3, 'Image Men Sunglasses', 12, 1000, 'Brown', '16950.jpg', 'Casual'),
(394, 2, 4, 'Mineral Women Grey Skirt', 18, 300, 'Grey', '49654.jpg', 'Casual'),
(395, 2, 5, 'Lucera Women Silver Pendant', 7, 890, 'Silver', '48786.jpg', 'Casual'),
(396, 3, 1, 'ADIDAS Men\'s Slim Fit White T-shirt', 23, 400, 'White', '2049.jpg', 'Sports'),
(397, 3, 2, 'Levis Men Comfort Style White Innerwear Vest', 6, 345, 'White', '17882.jpg', 'Casual'),
(398, 3, 3, 'Maxima Men Silver Dial Attivo Watch', 35, 234, 'Silver', '44977.jpg', 'Casual'),
(399, 2, 4, 'Mother Earth Women Printed Yellow Kurta', 23, 567, 'Yellow', '33019.jpg', 'Ethnic'),
(400, 3, 5, 'Lee Cooper Men Black Sports Shoes', 25, 4564, 'Black', '41439.jpg', 'Sports'),
(401, 3, 1, 'Peter England Unisex Black One Dayer Black Trolley Bag', 26, 1000, 'Black', '39523.jpg', 'Casual'),
(402, 3, 2, 'JAG Men Black Leather Wallet', 13, 300, 'Black', '52812.jpg', 'Casual'),
(403, 3, 3, 'Lee Men Blue Chicago Fit Jeans', 18, 890, 'Blue', '11349.jpg', 'Casual'),
(404, 3, 4, 'United Colors of Benetton Men Black T-shirt', 23, 400, 'Black', '24892.jpg', 'Casual'),
(405, 2, 5, 'Tonga Women Grey Top', 23, 345, 'Grey', '58514.jpg', 'Casual'),
(406, 2, 1, 'Puma Women Kuris Silver & Grey Sports Shoes', 25, 234, 'Silver', '33825.jpg', 'Sports'),
(407, 2, 2, 'Femella Women Yellow & Blue Scarf', 16, 567, 'Yellow', '25940.jpg', 'Casual'),
(408, 3, 3, 'Nike Men Red Delhi T-shirt', 23, 4564, 'Red', '38637.jpg', 'Casual'),
(409, 3, 4, 'Puma Men Cavallino Black Shoe', 25, 1000, 'Black', '5896.jpg', 'Casual'),
(410, 3, 5, 'Gini and Jony Boy\'s Kaleb White Brown Infant Kidswear', 23, 300, 'White', '4944.jpg', 'Casual'),
(411, 3, 1, 'Wrangler Men Dirt Riders White T-Shirts', 23, 890, 'White', '10861.jpg', 'Casual'),
(412, 2, 2, 'FNF Rust Wedding Collection Sari', 7, 400, 'Rust', '59600.jpg', 'Ethnic'),
(413, 2, 3, 'French Connection Women Multi Stripe Hand Bag', 26, 345, 'Multi', '42846.jpg', 'Casual'),
(414, 2, 4, 'Allen Solly Woman Purple Bangle', 7, 234, 'Purple', '35128.jpg', 'Casual'),
(415, 3, 5, 'Facit Men Black Brief', 6, 567, 'Black', '47508.jpg', 'Casual'),
(416, 4, 1, 'Do u speak Green Girls Olive 3/4 Pant', 18, 4564, 'Olive', '54923.jpg', 'Casual'),
(417, 2, 2, 'Police Women Passion Deo', 30, 1000, 'Pink', '43994.jpg', 'Casual'),
(418, 3, 3, 'U.S. Polo Assn. Men Printed  Steeple Grey Tshirt', 23, 300, 'Grey', '17278.jpg', 'Casual'),
(419, 3, 4, 'Mark Taylor Men Printed Maroon T-shirt', 23, 890, 'Maroon', '31588.jpg', 'Casual'),
(420, 3, 5, 'Vans Men Maroon & Grey Era Shoes', 25, 400, 'Maroon', '49492.jpg', 'Casual'),
(421, 3, 1, 'Manchester United Men Printed White Tshirt', 23, 345, 'White', '18230.jpg', 'Casual'),
(422, 3, 2, 'ADIDAS Men Grey Striped T-shirt', 23, 234, 'Grey', '23871.jpg', 'Casual'),
(423, 3, 3, 'Indigo Nation Men Bling Red Black Shirts', 23, 567, 'Purple', '9667.jpg', 'Casual'),
(424, 3, 4, 'Puma Men Poly Knitted Black Tracksuit', 18, 4564, 'Black', '16198.jpg', 'Sports'),
(425, 2, 5, 'Jealous 21 Women\'s Red Peace T-shirt', 23, 1000, 'Red', '3953.jpg', 'Casual'),
(426, 3, 1, 'Fossil Men Quartz Black Dial Chronograph Watch JR1303', 35, 300, 'Black', '29745.jpg', 'Casual'),
(427, 2, 2, 'W Women Printed Black Kurta', 23, 890, 'Black', '28697.jpg', 'Ethnic'),
(428, 3, 3, 'Puma Men Solid Blue Track Pants', 18, 400, 'Blue', '12538.jpg', 'Casual'),
(429, 3, 4, 'Scullers Men Red Check Shirt', 23, 345, 'Red', '8587.jpg', 'Casual'),
(430, 2, 5, 'Sepia Women Pink Top', 23, 234, 'Pink', '42248.jpg', 'Casual'),
(431, 2, 1, 'Lucera Women Silver Pendant', 7, 567, 'Silver', '48772.jpg', 'Casual'),
(432, 3, 2, 'Levis Men Comfort Style Grey Innerwear Vest', 6, 4564, 'Grey', '17876.jpg', 'Casual'),
(433, 3, 3, 'Park Avenue Men Black Sunglasses', 12, 1000, 'Black', '30668.jpg', 'Casual'),
(434, 3, 4, 'John Miller Men Red Striped Shirt', 23, 300, 'Red', '9455.jpg', 'Formal'),
(435, 6, 1, 'laptop', 56000, 456, 'laptop', '1643366322_WhatsApp Image 2022-01-26 at 5.29.46 PM.jpeg', 'red'),
(436, 6, 1, 'Acer', 28000, 500, 'Laptop', '111.jpg', 'Brand New'),
(437, 6, 1, 'Ace', 35000, 500, 'Laptop', '222.jpg', 'Ex Uk'),
(438, 6, 1, 'DELL', 35000, 600, 'Laptop', '333.jpg', 'Second Hand'),
(439, 6, 1, 'HP', 37350, 600, 'Laptop', '444.jpg', 'Second Hand'),
(440, 6, 1, 'Gaming', 35000, 250, 'Laptop', '555.jpg', 'Refurbished'),
(441, 6, 1, 'Ace', 35000, 350, 'Laptop', '666.jpg', 'Brand New'),
(442, 6, 1, 'Ace', 25000, 500, 'Laptop', '777.jpg', 'Ex Uk'),
(443, 6, 1, 'ASUS', 32000, 600, 'Laptop', '888.jpg', 'Second Hand'),
(444, 6, 1, 'ASUS', 27000, 600, 'Laptop', '999.jpg', 'Second Hand'),
(445, 6, 1, 'ASUS', 54000, 250, 'Laptop', '000.jpg', 'Refurbished'),
(446, 6, 1, 'ASUS', 47000, 350, 'Laptop', '1110.jpg', 'Brand New'),
(447, 6, 1, 'DELL', 35000, 500, 'Laptop', '1111.jpg', 'Ex Uk'),
(448, 6, 1, 'DELL', 78000, 600, 'Laptop', '1112.jpg', 'Second Hand'),
(449, 6, 1, 'HP', 37350, 600, 'Laptop', '1113.jpg', 'Second Hand'),
(450, 6, 1, 'HP', 37350, 250, 'Laptop', '1114.jpg', 'Refurbished'),
(451, 6, 1, 'HP', 32000, 350, 'Laptop', '1115.jpg', 'Brand New'),
(452, 6, 1, 'HP', 37350, 500, 'Laptop', '1116.jpg', 'Ex Uk'),
(453, 6, 1, 'HP', 37350, 600, 'Laptop', '1117.jpg', 'Second Hand'),
(454, 6, 1, 'HP', 65000, 600, 'Laptop', '1118.jpg', 'Second Hand'),
(455, 6, 1, 'HP', 37350, 250, 'Laptop', '1119.jpg', 'Refurbished'),
(456, 6, 1, 'Lenovo', 35000, 350, 'Laptop', '1121.jpg', 'Brand New'),
(457, 6, 1, 'Macbookair', 35000, 500, 'Laptop', '11122.jpg', 'Ex Uk'),
(458, 6, 1, 'Amazon', 35000, 600, 'Laptop', '1123.jpg', 'Second Hand'),
(459, 6, 1, 'Acer', 35000, 600, 'Laptop', '1124.jpg', 'Second Hand'),
(460, 6, 1, 'AcerMini', 35000, 250, 'Laptop', '1125.jpg', 'Refurbished'),
(461, 6, 1, 'macbook', 35000, 350, 'Laptop', '1126.jpg', 'Brand New'),
(462, 6, 1, 'ASUS', 38350, 500, 'Laptop', '1127.jpg', 'Ex Uk'),
(463, 6, 1, 'ASUS', 38350, 600, 'Laptop', '1128.jpg', 'Second Hand'),
(464, 6, 1, 'ASUS', 38350, 600, 'Laptop', '1129.jpg', 'Second Hand'),
(465, 6, 1, 'ASUS', 38350, 250, 'Laptop', '1130.jpg', 'Refurbished'),
(466, 6, 1, 'GAMING', 35000, 350, 'Laptop', '1131.jpg', 'Brand New'),
(467, 6, 1, 'HP', 37350, 500, 'Laptop', '1132.jpg', 'Ex Uk'),
(468, 6, 1, 'Lenovo', 35000, 600, 'Laptop', '1133.jpg', 'Second Hand'),
(469, 6, 1, 'DELL', 35000, 600, 'Laptop', '1134.jpg', 'Second Hand'),
(470, 6, 1, 'ENVY', 35000, 250, 'Laptop', '1135.jpg', 'Refurbished'),
(471, 6, 1, 'HP', 37350, 350, 'Laptop', '1136.jpg', 'Brand New'),
(472, 6, 1, 'HP', 37350, 500, 'Laptop', '1137.jpg', 'Ex Uk'),
(473, 6, 1, 'HP', 37350, 600, 'Laptop', '1138.jpg', 'Second Hand'),
(474, 6, 1, 'HP', 37350, 600, 'Laptop', '1139.jpg', 'Second Hand'),
(475, 6, 1, 'HP', 37350, 250, 'Laptop', '1140.jpg', 'Refurbished'),
(476, 6, 1, 'HP', 37350, 350, 'Laptop', '1141.jpg', 'Brand New'),
(477, 6, 1, 'IdeaPad', 35000, 500, 'Laptop', '1142.jpg', 'Ex Uk'),
(478, 6, 1, 'IdeaPad', 35000, 600, 'Laptop', '1143.jpg', 'Second Hand'),
(479, 6, 1, 'Itel', 35000, 600, 'Laptop', '1144.jpg', 'Second Hand'),
(480, 6, 1, 'Mecer', 35000, 250, 'Laptop', '1145.jpg', 'Refurbished'),
(481, 6, 1, 'mecer', 35000, 350, 'Laptop', '1146.jpg', 'Brand New'),
(482, 6, 1, 'notebook', 35000, 500, 'Laptop', '1147.jpg', 'Ex Uk'),
(483, 6, 1, 'HP', 37350, 600, 'Laptop', '1148.jpg', 'Second Hand'),
(484, 6, 1, 'XIAOMI', 35000, 600, 'Laptop', '1149.jpg', 'Second Hand'),
(485, 6, 1, 'DELL', 35000, 250, 'Laptop', '1150.jpg', 'Refurbished'),
(486, 6, 1, 'HP', 37350, 350, 'Laptop', '1151.jpg', 'Brand New'),
(487, 6, 1, 'HP', 37350, 500, 'Laptop', '1152.jpg', 'Ex Uk'),
(488, 6, 1, 'HP', 37350, 600, 'Laptop', '1153.jpg', 'Second Hand'),
(489, 6, 1, 'HP', 37350, 600, 'Laptop', '1154.jpg', 'Second Hand'),
(490, 6, 1, 'HP', 37350, 250, 'Laptop', '1155.jpg', 'Refurbished'),
(491, 6, 1, 'HP', 37350, 350, 'Laptop', '1156.jpg', 'Brand New'),
(492, 6, 1, 'HP', 37350, 500, 'Laptop', '1157.jpg', 'Ex Uk'),
(493, 6, 1, 'HP', 37350, 600, 'Laptop', '1158.jpg', 'Second Hand'),
(494, 6, 1, 'HP', 37350, 600, 'Laptop', '1159.jpg', 'Second Hand'),
(495, 6, 1, 'HP', 37350, 250, 'Laptop', '1160.jpg', 'Refurbished'),
(496, 6, 1, 'Lenovo', 35000, 350, 'Laptop', '1161.jpg', 'Brand New'),
(497, 6, 1, 'HP', 37350, 500, 'Laptop', '1162.jpg', 'Ex Uk'),
(498, 6, 1, 'HP', 37350, 600, 'Laptop', '1163.jpg', 'Second Hand'),
(499, 6, 1, 'HP', 37350, 600, 'Laptop', '1164.jpg', 'Second Hand'),
(500, 6, 1, 'HP', 37350, 250, 'Laptop', '1165.jpg', 'Refurbished'),
(501, 6, 1, 'HP', 37350, 350, 'Laptop', '1166.jpg', 'Brand New'),
(502, 6, 1, 'HP', 37350, 500, 'Laptop', '1167.jpg', 'Ex Uk'),
(503, 6, 1, 'HP', 37350, 600, 'Laptop', '1168.jpg', 'Second Hand'),
(504, 6, 1, 'HP', 37350, 600, 'Laptop', '1169.jpg', 'Second Hand'),
(505, 6, 1, 'DELL', 35000, 250, 'Laptop', '1170.jpg', 'Refurbished'),
(506, 6, 1, 'Lenovo', 35000, 350, 'Laptop', '1171.jpg', 'Brand New'),
(507, 6, 1, 'Lenovo', 35000, 500, 'Laptop', '1172.jpg', 'Ex Uk'),
(508, 6, 1, 'Lenovo', 35000, 600, 'Laptop', '1173.jpg', 'Second Hand'),
(509, 6, 1, 'Lenovo', 35000, 600, 'Laptop', '1174.jpg', 'Second Hand'),
(510, 6, 1, 'Lenovo', 35000, 250, 'Laptop', '1175.jpg', 'Refurbished'),
(511, 6, 1, 'Lenovo', 35000, 350, 'Laptop', '1176.jpg', 'Brand New'),
(512, 6, 1, 'Lenovo', 35000, 500, 'Laptop', '1177.jpg', 'Ex Uk'),
(513, 6, 1, 'samsung', 35000, 600, 'Laptop', '1178.jpg', 'Second Hand'),
(514, 6, 1, 'gamingPc', 35000, 600, 'Laptop', '1179.jpg', 'Second Hand'),
(515, 6, 1, 'Acer SwiftX', 35000, 250, 'Laptop', '1180.jpg', 'Refurbished'),
(516, 6, 1, 'Acer Swift 3', 35000, 350, 'Laptop', '1181.jpg', 'Brand New'),
(517, 6, 1, 'Acer nITRO', 35000, 500, 'Laptop', '1182.jpg', 'Ex Uk'),
(518, 6, 1, 'Macbook', 35000, 600, 'Laptop', '1183.jpg', 'Second Hand'),
(519, 6, 1, 'ASUS', 38350, 600, 'Laptop', '1184.jpg', 'Second Hand'),
(520, 6, 1, 'ASUS', 38350, 250, 'Laptop', '1185.jpg', 'Refurbished'),
(521, 6, 1, 'ASUS', 38350, 350, 'Laptop', '1186.jpg', 'Brand New'),
(522, 6, 1, 'Flipkart', 35000, 500, 'Laptop', '1187.jpg', 'Ex Uk'),
(523, 6, 1, 'Flipkart', 35000, 600, 'Laptop', '1188.jpg', 'Second Hand'),
(524, 6, 1, 'Flipkart', 35000, 600, 'Laptop', '1189.jpg', 'Second Hand'),
(525, 6, 1, 'Flipkart', 35000, 250, 'Laptop', '1190.jpg', 'Refurbished'),
(526, 6, 1, 'Flipkart', 35000, 350, 'Laptop', '1191.jpg', 'Brand New'),
(527, 6, 1, 'Fujitsu', 35000, 500, 'Laptop', '1192.jpg', 'Ex Uk'),
(528, 6, 1, 'Fujitsu', 35000, 600, 'Laptop', '1193.jpg', 'Second Hand'),
(529, 6, 1, 'ASUS', 38350, 600, 'Laptop', '1194.jpg', 'Second Hand'),
(530, 6, 1, 'HP', 37350, 250, 'Laptop', '1195.jpg', 'Refurbished'),
(531, 6, 1, 'HP', 37350, 350, 'Laptop', '1196.jpg', 'Brand New'),
(532, 6, 1, 'HP', 37350, 500, 'Laptop', '1197.jpg', 'Ex Uk'),
(533, 6, 1, 'HP', 37350, 600, 'Laptop', '1198.jpg', 'Second Hand'),
(534, 6, 1, 'HP', 37350, 600, 'Laptop', '1199.jpg', 'Second Hand'),
(535, 6, 1, 'Macbook', 35000, 250, 'Laptop', '1200.jpg', 'Refurbished'),
(536, 6, 1, 'ASUS', 38350, 350, 'Laptop', '1201.jpg', 'Brand New'),
(537, 6, 1, 'HP', 37350, 500, 'Laptop', '1202.jpg', 'Ex Uk'),
(538, 6, 1, 'HP', 37350, 600, 'Laptop', '1203.jpg', 'Second Hand'),
(539, 6, 1, 'Macbook', 35000, 600, 'Laptop', '1204.jpg', 'Second Hand'),
(540, 6, 1, 'HP', 37350, 250, 'Laptop', '1205.jpg', 'Refurbished'),
(541, 6, 1, 'HP', 37350, 350, 'Laptop', '1206.jpg', 'Brand New'),
(542, 6, 1, 'HP', 37350, 500, 'Laptop', '1207.jpg', 'Ex Uk'),
(543, 6, 1, 'HP', 37350, 600, 'Laptop', '1208.jpg', 'Second Hand'),
(544, 6, 1, 'Notebook', 35000, 600, 'Laptop', '1209.jpg', 'Second Hand'),
(545, 6, 1, 'Macbook', 35000, 250, 'Laptop', '1210.jpg', 'Refurbished'),
(546, 6, 1, 'Macbook', 35000, 350, 'Laptop', '1211.jpg', 'Brand New'),
(547, 6, 1, 'Microsoft', 35000, 500, 'Laptop', '1212.jpg', 'Ex Uk'),
(548, 6, 1, 'HP', 37350, 600, 'Laptop', '1213.jpg', 'Second Hand'),
(549, 6, 1, 'HP', 37350, 600, 'Laptop', '1214.jpg', 'Second Hand'),
(550, 6, 1, 'DELL', 35000, 250, 'Laptop', '1215.jpg', 'Refurbished'),
(551, 6, 1, 'PRIME', 27800, 350, 'Laptop', '1216.jpg', 'Brand New'),
(552, 6, 1, 'PRIME', 27800, 500, 'Laptop', '1217.jpg', 'Ex Uk'),
(553, 6, 1, 'PRIME', 27800, 600, 'Laptop', '1218.jpg', 'Second Hand'),
(554, 6, 1, 'PRIME', 27800, 600, 'Laptop', '1219.jpg', 'Second Hand'),
(555, 6, 1, 'PRIME', 27800, 250, 'Laptop', '1220.jpg', 'Refurbished'),
(556, 6, 1, 'PRIME', 27800, 350, 'Laptop', '1221.jpg', 'Brand New'),
(557, 6, 1, 'PRIME', 27800, 500, 'Laptop', '1222.jpg', 'Ex Uk'),
(558, 6, 1, 'PRIME', 27800, 600, 'Laptop', '1223.jpg', 'Second Hand'),
(559, 6, 1, 'PRIME', 27800, 600, 'Laptop', '1224.jpg', 'Second Hand'),
(560, 6, 1, 'PRIME', 27800, 250, 'Laptop', '1225.jpg', 'Refurbished'),
(561, 6, 1, 'PRIME', 27800, 350, 'Laptop', '1226.jpg', 'Brand New'),
(562, 6, 1, 'PRIME', 27800, 500, 'Laptop', '1227.jpg', 'Ex Uk'),
(563, 6, 1, 'HP', 37350, 600, 'Laptop', '1228.jpg', 'Second Hand'),
(564, 6, 1, 'HP', 37350, 600, 'Laptop', '1229.jpg', 'Second Hand'),
(565, 6, 1, 'HP', 37350, 250, 'Laptop', '1230.jpg', 'Refurbished'),
(566, 6, 1, 'DELL', 35000, 350, 'Laptop', '1231.jpg', 'Brand New'),
(567, 6, 1, 'HP', 37350, 500, 'Laptop', '1232.jpg', 'Ex Uk'),
(568, 6, 1, 'HP', 37350, 600, 'Laptop', '1233.jpg', 'Second Hand'),
(569, 6, 1, 'HP', 37350, 600, 'Laptop', '1234.jpg', 'Second Hand'),
(570, 6, 1, 'HP', 37350, 250, 'Laptop', '1235.jpg', 'Refurbished'),
(571, 6, 1, 'HP', 37350, 350, 'Laptop', '1236.jpg', 'Brand New'),
(572, 6, 1, 'HP', 37350, 500, 'Laptop', '1237.jpg', 'Ex Uk'),
(573, 6, 1, 'Lenovo', 35000, 600, 'Laptop', '1238.jpg', 'Second Hand'),
(574, 6, 1, 'HP', 37350, 600, 'Laptop', '1239.jpg', 'Second Hand'),
(575, 6, 1, 'HP', 37350, 250, 'Laptop', '1240.jpg', 'Refurbished'),
(576, 6, 1, 'ASUS', 38350, 350, 'Laptop', '1241.jpg', 'Brand New'),
(577, 6, 1, 'TOSHIBA', 35000, 500, 'Laptop', '1242.jpg', 'Ex Uk'),
(578, 6, 1, 'TOSHIBA', 35000, 600, 'Laptop', '1243.jpg', 'Second Hand'),
(579, 6, 1, 'TOSHIBA', 35000, 600, 'Laptop', '1244.jpg', 'Second Hand'),
(580, 6, 1, 'Lenovo', 35000, 250, 'Laptop', '1245.jpg', 'Refurbished'),
(581, 6, 1, 'Lenovo', 35000, 350, 'Laptop', '1246.jpg', 'Brand New'),
(582, 6, 1, 'HP', 37350, 500, 'Laptop', '1247.jpg', 'Ex Uk'),
(583, 6, 1, 'HP', 37350, 600, 'Laptop', '1248.jpg', 'Second Hand'),
(584, 6, 1, 'TOSHIBA', 35000, 600, 'Laptop', '1249.jpg', 'Second Hand'),
(585, 6, 1, 'ASUS', 38350, 250, 'Laptop', '1250.jpg', 'Refurbished'),
(751, 3, 5, 'Curren', 5000, 350, 'Plastic Wristed', 'A1.jpg', 'Fashion Watch'),
(752, 3, 5, 'Curren', 4500, 150, 'Rubber Wristed', 'A2.jpg', 'Classic Watch');
INSERT INTO `products` (`product_id`, `product_cat`, `product_brand`, `product_title`, `product_price`, `product_qty`, `product_desc`, `product_image`, `product_keywords`) VALUES
(753, 3, 5, 'Curren', 5000, 90, 'Leather Wristed', 'A3.jpg', 'Luxury Watch'),
(754, 3, 5, 'Curren', 5000, 90, 'Leather Wristed', 'A4.jpg', 'Luxury Watch'),
(755, 3, 5, 'Gaming', 5000, 120, 'Cotton Wristed', 'A5.jpg', 'Sports Watch'),
(756, 3, 5, 'Curren', 2500, 350, 'Plastic Wristed', 'A6.jpg', 'Fashion Watch'),
(757, 3, 5, 'Curren', 2350, 150, 'Rubber Wristed', 'A7.jpg', 'Classic Watch'),
(758, 3, 5, 'Curren', 5750, 90, 'Leather Wristed', 'A8.jpg', 'Luxury Watch'),
(759, 3, 5, 'Curren', 6890, 90, 'Leather Wristed', 'A9.jpg', 'Luxury Watch'),
(760, 3, 5, 'GENEVA', 5000, 350, 'Plastic Wristed', 'A10.jpg', 'Fashion Watch'),
(761, 3, 5, 'Smart Watch', 4500, 150, 'Rubber Wristed', 'A11.jpg', 'Classic Watch'),
(762, 3, 5, 'Sports Wrist', 5000, 90, 'Leather Wristed', 'A12.jpg', 'Luxury Watch'),
(763, 3, 5, 'Sports Wrist', 5000, 90, 'Leather Wristed', 'A13.jpg', 'Luxury Watch'),
(764, 3, 5, 'Generic Watch', 5000, 120, 'Cotton Wristed', 'A14.jpg', 'Sports Watch'),
(765, 3, 5, 'Generic Watch', 2500, 350, 'Plastic Wristed', 'A15.jpg', 'Fashion Watch'),
(767, 3, 5, 'Generic Watch', 5750, 90, 'Leather Wristed', 'A17.jpg', 'Luxury Watch'),
(769, 3, 5, 'Generic Watch', 6890, 90, 'Leather Wristed', 'A18.jpg', 'Luxury Watch'),
(770, 3, 5, 'Generic Watch', 6890, 90, 'Leather Wristed', 'A19.jpg', 'Luxury Watch'),
(771, 3, 5, 'Curren', 6890, 90, 'Leather Wristed', 'A20.jpg', 'Luxury Watch'),
(772, 3, 5, 'Sports Wrist', 5000, 90, 'Leather Wristed', 'A22.jpg', 'Luxury Watch'),
(773, 3, 5, 'Sports Wrist', 5000, 90, 'Leather Wristed', 'A23.jpg', 'Luxury Watch'),
(774, 3, 5, 'Generic Watch', 5000, 120, 'Cotton Wristed', 'A24.jpg', 'Sports Watch'),
(775, 3, 5, 'Generic Watch', 2500, 350, 'Plastic Wristed', 'A25.jpg', 'Fashion Watch'),
(777, 3, 5, 'Generic Watch', 5750, 90, 'Leather Wristed', 'A27.jpg', 'Luxury Watch'),
(778, 3, 5, 'Generic Watch', 6890, 90, 'Leather Wristed', 'A28.jpg', 'Luxury Watch'),
(779, 3, 5, 'Generic Watch', 6890, 90, 'Leather Wristed', 'A29.jpg', 'Luxury Watch'),
(780, 3, 5, 'Casio', 6890, 90, 'Leather Wristed', 'A30.jpg', 'Luxury Watch'),
(781, 3, 5, 'Sports Wrist', 5000, 90, 'Leather Wristed', 'A31.jpg', 'Luxury Watch'),
(782, 3, 5, 'Sports Wrist', 5000, 90, 'Leather Wristed', 'A32.jpg', 'Luxury Watch'),
(783, 3, 5, 'Smart Watch', 5000, 120, 'Cotton Wristed', 'A33.jpg', 'Sports Watch'),
(784, 3, 5, 'GENEVA', 2500, 350, 'Plastic Wristed', 'A34.jpg', 'Fashion Watch'),
(785, 3, 5, 'ROLEX', 2350, 150, 'Rubber Wristed', 'A35.jpg', 'Classic Watch'),
(786, 3, 5, 'Casio', 0, 90, 'Leather Wristed', 'A36.jpg', 'Luxury Watch'),
(787, 3, 5, 'GENEVA', 6890, 90, 'Leather Wristed', 'A37.jpg', 'Luxury Watch'),
(788, 3, 5, 'Generic Watch', 6890, 90, 'Leather Wristed', 'A38.jpg', 'Luxury Watch'),
(789, 3, 5, 'Curren', 6890, 90, 'Leather Wristed', 'A39.jpg', 'Luxury Watch'),
(790, 3, 5, 'Casio', 0, 90, 'Leather Wristed', 'A40.jpg', 'Luxury Watch'),
(791, 3, 5, 'Curren', 5000, 350, 'Plastic Wristed', 'A41.jpg', 'Fashion Watch'),
(792, 3, 5, 'Curren', 4500, 150, 'Rubber Wristed', 'A42.jpg', 'Classic Watch'),
(793, 3, 5, 'Curren', 5000, 90, 'Leather Wristed', 'A43.jpg', 'Luxury Watch'),
(794, 3, 5, 'Curren', 5000, 90, 'Leather Wristed', 'A44.jpg', 'Luxury Watch'),
(795, 3, 5, 'Gaming', 5000, 120, 'Cotton Wristed', 'A45.jpg', 'Sports Watch'),
(796, 3, 5, 'Curren', 2500, 350, 'Plastic Wristed', 'A46.jpg', 'Fashion Watch'),
(797, 3, 5, 'Curren', 2350, 150, 'Rubber Wristed', 'A47.jpg', 'Classic Watch'),
(798, 3, 5, 'Curren', 5750, 90, 'Leather Wristed', 'A48.jpg', 'Luxury Watch'),
(799, 3, 5, 'Curren', 6890, 90, 'Leather Wristed', 'A49.jpg', 'Luxury Watch'),
(800, 3, 5, 'GENEVA', 5000, 350, 'Plastic Wristed', 'A50.jpg', 'Fashion Watch'),
(801, 3, 5, 'Smart Watch', 4500, 150, 'Rubber Wristed', 'A51.jpg', 'Classic Watch'),
(802, 3, 5, 'Sports Wrist', 5000, 90, 'Leather Wristed', 'A52.jpg', 'Luxury Watch'),
(803, 3, 5, 'Sports Wrist', 5000, 90, 'Leather Wristed', 'A53.jpg', 'Luxury Watch'),
(804, 3, 5, 'Generic Watch', 5000, 120, 'Cotton Wristed', 'A54.jpg', 'Sports Watch'),
(805, 3, 5, 'Generic Watch', 2500, 350, 'Plastic Wristed', 'A55.jpg', 'Fashion Watch'),
(806, 3, 5, 'Generic Watch', 2350, 150, 'Rubber Wristed', 'A56.jpg', 'Classic Watch'),
(807, 3, 5, 'Generic Watch', 5750, 90, 'Leather Wristed', 'A57.jpg', 'Luxury Watch'),
(808, 3, 5, 'Generic Watch', 6890, 90, 'Leather Wristed', 'A58.jpg', 'Luxury Watch'),
(809, 3, 5, 'Generic Watch', 6890, 90, 'Leather Wristed', 'A59.jpg', 'Luxury Watch'),
(810, 3, 5, 'Curren', 6890, 90, 'Leather Wristed', 'A60.jpg', 'Luxury Watch'),
(811, 3, 5, 'Smart Watch', 4500, 150, 'Rubber Wristed', 'A61.jpg', 'Classic Watch'),
(812, 3, 5, 'Sports Wrist', 5000, 90, 'Leather Wristed', 'A62.jpg', 'Luxury Watch'),
(813, 3, 5, 'Sports Wrist', 5000, 90, 'Leather Wristed', 'A63.jpg', 'Luxury Watch'),
(814, 3, 5, 'Generic Watch', 5000, 120, 'Cotton Wristed', 'A64.jpg', 'Sports Watch'),
(815, 3, 5, 'Generic Watch', 2500, 350, 'Plastic Wristed', 'A65.jpg', 'Fashion Watch'),
(816, 3, 5, 'Generic Watch', 2350, 150, 'Rubber Wristed', 'A66.jpg', 'Classic Watch'),
(817, 3, 5, 'Generic Watch', 5750, 90, 'Leather Wristed', 'A67.jpg', 'Luxury Watch'),
(818, 3, 5, 'Generic Watch', 6890, 90, 'Leather Wristed', 'A68.jpg', 'Luxury Watch'),
(819, 3, 5, 'Generic Watch', 6890, 90, 'Leather Wristed', 'A69.jpg', 'Luxury Watch'),
(820, 3, 5, 'Casio', 6890, 90, 'Leather Wristed', 'A70.jpg', 'Luxury Watch'),
(821, 3, 5, 'Sports Wrist', 5000, 90, 'Leather Wristed', 'A71.jpg', 'Luxury Watch'),
(822, 3, 5, 'Sports Wrist', 5000, 90, 'Leather Wristed', 'A72.jpg', 'Luxury Watch'),
(823, 3, 5, 'Smart Watch', 5000, 120, 'Cotton Wristed', 'A73.jpg', 'Sports Watch'),
(824, 3, 5, 'GENEVA', 2500, 350, 'Plastic Wristed', 'A74.jpg', 'Fashion Watch'),
(825, 3, 5, 'ROLEX', 2350, 150, 'Rubber Wristed', 'A75.jpg', 'Classic Watch'),
(826, 3, 5, 'Casio', 0, 90, 'Leather Wristed', 'A76.jpg', 'Luxury Watch'),
(827, 3, 5, 'GENEVA', 6890, 90, 'Leather Wristed', 'A77.jpg', 'Luxury Watch'),
(828, 3, 5, 'Generic Watch', 6890, 90, 'Leather Wristed', 'A78.jpg', 'Luxury Watch'),
(829, 3, 5, 'Curren', 6890, 90, 'Leather Wristed', 'A79.jpg', 'Luxury Watch'),
(830, 3, 5, 'Casio', 0, 90, 'Leather Wristed', 'A80.jpg', 'Luxury Watch'),
(831, 3, 5, 'Sports Wrist', 5000, 90, 'Leather Wristed', 'A81.jpg', 'Luxury Watch'),
(832, 3, 5, 'Sports Wrist', 5000, 90, 'Leather Wristed', 'A82.jpg', 'Luxury Watch'),
(833, 3, 5, 'Smart Watch', 5000, 120, 'Cotton Wristed', 'A83.jpg', 'Sports Watch'),
(834, 3, 5, 'GENEVA', 2500, 350, 'Plastic Wristed', 'A84.jpg', 'Fashion Watch'),
(835, 3, 5, 'ROLEX', 2350, 150, 'Rubber Wristed', 'A85.jpg', 'Classic Watch'),
(836, 3, 5, 'Casio', 5750, 90, 'Leather Wristed', 'A86.jpg', 'Luxury Watch'),
(837, 3, 5, 'GENEVA', 6890, 90, 'Leather Wristed', 'A87.jpg', 'Luxury Watch'),
(838, 3, 5, 'Generic Watch', 6890, 90, 'Leather Wristed', 'A88.jpg', 'Luxury Watch'),
(839, 3, 5, 'Curren', 6890, 90, 'Leather Wristed', 'A89.jpg', 'Luxury Watch'),
(840, 3, 5, 'Casio', 6890, 90, 'Leather Wristed', 'A90.jpg', 'Luxury Watch'),
(841, 3, 5, 'Sports Wrist', 5000, 90, 'Leather Wristed', 'A91.jpg', 'Luxury Watch'),
(842, 3, 5, 'Sports Wrist', 5000, 90, 'Leather Wristed', 'A92.jpg', 'Luxury Watch'),
(843, 3, 5, 'Smart Watch', 5000, 120, 'Cotton Wristed', 'A93.jpg', 'Sports Watch'),
(844, 3, 5, 'GENEVA', 2500, 350, 'Plastic Wristed', 'A94.jpg', 'Fashion Watch'),
(845, 3, 5, 'ROLEX', 2350, 150, 'Rubber Wristed', 'A95.jpg', 'Classic Watch'),
(846, 3, 5, 'Casio', 5750, 90, 'Leather Wristed', 'A96.jpg', 'Luxury Watch'),
(847, 3, 5, 'GENEVA', 6890, 90, 'Leather Wristed', 'A97.jpg', 'Luxury Watch'),
(848, 3, 5, 'Generic Watch', 6890, 90, 'Leather Wristed', 'A98.jpg', 'Luxury Watch'),
(849, 3, 5, 'Curren', 6890, 90, 'Leather Wristed', 'A99.jpg', 'Luxury Watch'),
(850, 3, 5, 'Mechanical Watch', 6890, 90, 'Leather Wristed', 'A100.jpg', 'Luxury Watch'),
(851, 3, 5, 'Mechanical Watch', 5000, 90, 'Leather Wristed', 'A101.jpg', 'Luxury Watch'),
(852, 3, 5, 'ROLEX', 5000, 90, 'Leather Wristed', 'A102.jpg', 'Luxury Watch'),
(853, 3, 5, 'Curren', 5000, 120, 'Cotton Wristed', 'A103.jpg', 'Sports Watch'),
(854, 3, 5, 'Mechanical Watch', 2500, 350, 'Plastic Wristed', 'A104.jpg', 'Fashion Watch'),
(855, 3, 5, 'ROLEX', 2350, 150, 'Rubber Wristed', 'A105.jpg', 'Classic Watch'),
(856, 3, 5, 'Generic Watch', 5750, 90, 'Leather Wristed', 'A106.jpg', 'Luxury Watch'),
(857, 3, 5, 'ROLEX', 6890, 90, 'Leather Wristed', 'A107.jpg', 'Luxury Watch'),
(858, 3, 5, 'Generic Watch', 6890, 90, 'Leather Wristed', 'A108.jpg', 'Luxury Watch'),
(859, 3, 5, 'Curren', 6890, 90, 'Leather Wristed', 'A109.jpg', 'Luxury Watch'),
(860, 3, 5, 'ROLEX', 6890, 90, 'Leather Wristed', 'A110.jpg', 'Luxury Watch'),
(861, 3, 5, 'Couple Watches', 5000, 90, 'Leather Wristed', 'A111.jpg', 'Luxury Watch'),
(862, 3, 5, 'Couple Watches', 5000, 90, 'Leather Wristed', 'A112.jpg', 'Luxury Watch'),
(863, 3, 5, 'QUARTZ', 5000, 120, 'Cotton Wristed', 'A113.jpg', 'Sports Watch'),
(864, 3, 5, 'Smart Watch', 2500, 350, 'Plastic Wristed', 'A114.jpg', 'Fashion Watch'),
(865, 3, 5, 'ROLEX', 2350, 150, 'Rubber Wristed', 'A115.jpg', 'Classic Watch'),
(866, 3, 5, 'LOOKWORLD', 5750, 90, 'Leather Wristed', 'A116.jpg', 'Luxury Watch'),
(867, 3, 5, 'GSHOCK', 6890, 90, 'Leather Wristed', 'A117.jpg', 'Luxury Watch'),
(868, 3, 5, 'Generic Watch', 6890, 90, 'Leather Wristed', 'A118.jpg', 'Luxury Watch'),
(869, 3, 5, 'CURRENWATCH', 6890, 90, 'Leather Wristed', 'A119.jpg', 'Luxury Watch'),
(870, 3, 5, 'ROSE', 6890, 90, 'Leather Wristed', 'A120.jpg', 'Luxury Watch'),
(871, 3, 5, 'Smart Watch', 6890, 90, 'Leather Wristed', 'A121.jpg', 'Luxury Watch'),
(872, 3, 5, 'Mechanical Watch', 5000, 90, 'Leather Wristed', 'A122.jpg', 'Luxury Watch'),
(873, 3, 5, 'ROLEX', 5000, 90, 'Leather Wristed', 'A123.jpg', 'Luxury Watch'),
(874, 3, 5, 'Curren', 5000, 120, 'Cotton Wristed', 'A124.jpg', 'Sports Watch'),
(875, 3, 5, 'Mechanical Watch', 2500, 350, 'Plastic Wristed', 'A125.jpg', 'Fashion Watch'),
(876, 3, 5, 'ROLEX', 2350, 150, 'Rubber Wristed', 'A126.jpg', 'Classic Watch'),
(877, 3, 5, 'Generic Watch', 5750, 90, 'Leather Wristed', 'A127.jpg', 'Luxury Watch'),
(878, 3, 5, 'ROLEX', 6890, 90, 'Leather Wristed', 'A128.jpg', 'Luxury Watch'),
(879, 3, 5, 'Generic Watch', 6890, 90, 'Leather Wristed', 'A129.jpg', 'Luxury Watch'),
(880, 3, 5, 'Curren', 6890, 90, 'Leather Wristed', 'A130.jpg', 'Luxury Watch'),
(881, 3, 5, 'ROLEX', 6890, 90, 'Leather Wristed', 'A131.jpg', 'Luxury Watch'),
(882, 3, 5, 'Couple Watches', 5000, 90, 'Leather Wristed', 'A132.jpg', 'Luxury Watch'),
(883, 3, 5, 'COUPLEWATCHWES', 5000, 90, 'Leather Wristed', 'A133.jpg', 'Luxury Watch'),
(884, 3, 5, 'QUARTZ', 5000, 120, 'Cotton Wristed', 'A134.jpg', 'Sports Watch'),
(885, 3, 5, 'Smart Watch', 2500, 350, 'Plastic Wristed', 'A135.jpg', 'Fashion Watch'),
(886, 3, 5, 'ROLEX', 2350, 150, 'Rubber Wristed', 'A136.jpg', 'Classic Watch'),
(887, 3, 5, 'LOOKWORLD', 5750, 90, 'Leather Wristed', 'A137.jpg', 'Luxury Watch'),
(888, 3, 5, 'GSHOCK', 6890, 90, 'Leather Wristed', 'A138.jpg', 'Luxury Watch'),
(889, 3, 5, 'Generic Watch', 6890, 90, 'Leather Wristed', 'A139.jpg', 'Luxury Watch'),
(890, 3, 5, 'CURRENWATCH', 6890, 90, 'Leather Wristed', 'A140.jpg', 'Luxury Watch'),
(891, 3, 5, 'ROSE', 6890, 90, 'Leather Wristed', 'A141.jpg', 'Luxury Watch'),
(892, 3, 5, 'Couple Watches', 5000, 90, 'Leather Wristed', 'A142.jpg', 'Luxury Watch'),
(893, 3, 5, 'COUPLEWATCHWES', 5000, 90, 'Leather Wristed', 'A143.jpg', 'Luxury Watch'),
(894, 3, 5, 'QUARTZ', 5000, 120, 'Cotton Wristed', 'A144.jpg', 'Sports Watch'),
(895, 3, 5, 'Smart Watch', 2500, 350, 'Plastic Wristed', 'A145.jpg', 'Fashion Watch'),
(896, 3, 5, 'ROLEX', 2350, 150, 'Rubber Wristed', 'A146.jpg', 'Classic Watch'),
(897, 3, 5, 'LOOKWORLD', 5750, 90, 'Leather Wristed', 'A147.jpg', 'Luxury Watch'),
(898, 3, 5, 'GSHOCK', 6890, 90, 'Leather Wristed', 'A148.jpg', 'Luxury Watch'),
(899, 3, 5, 'Generic Watch', 6890, 90, 'Leather Wristed', 'A149.jpg', 'Luxury Watch'),
(900, 3, 5, 'CURRENWATCH', 6890, 90, 'Leather Wristed', 'A150.jpg', 'Luxury Watch'),
(901, 3, 5, 'ROSE', 6890, 90, 'Leather Wristed', 'A151.jpg', 'Luxury Watch'),
(1301, 12, 6, 'Bracelet', 50, 300, 'Neck Wear', '2351.jpg', 'Jewellery'),
(1302, 12, 6, 'Earrings', 35, 250, 'Classic Jewellery', '2352.jpg', 'Jewellery'),
(1303, 12, 6, 'Necklace', 30, 300, 'Women Jewellery', '2353.jpg', 'Jewellery'),
(1304, 12, 6, 'Necklace', 42, 300, 'Women Jewellery', '2354.jpg', 'Jewellery'),
(1305, 12, 6, 'Earrings', 47, 300, 'Jewellery', '2355.jpg', 'Jewellery'),
(1306, 12, 6, 'Chain', 64, 300, 'Neck Wear', '2356.jpg', 'Jewellery'),
(1307, 12, 6, 'Necklace Earrings Set', 75, 250, 'Classic Jewellery', '2357.jpg', 'Jewellery'),
(1308, 12, 6, 'Bracelet', 43, 300, 'Women Jewellery', '2358.jpg', 'Jewellery'),
(1309, 12, 6, 'Pearl Necklace', 28, 300, 'Women Jewellery', '2360.jpg', 'Jewellery'),
(1310, 12, 6, 'Friendship Chain', 32, 300, 'Jewellery', '2361.jpg', 'Jewellery'),
(1311, 12, 6, 'Bracelet', 50, 300, 'Neck Wear', '2362.jpg', 'Jewellery'),
(1312, 12, 6, 'Friendship Chain', 35, 250, 'Classic Jewellery', '2363.jpg', 'Jewellery'),
(1313, 12, 6, 'Friendship Chain', 30, 300, 'Women Jewellery', '2364.jpg', 'Jewellery'),
(1314, 12, 6, 'Necklace Earrings Set', 42, 300, 'Women Jewellery', '2366.jpg', 'Jewellery'),
(1315, 12, 6, 'Earrings', 47, 300, 'Jewellery', '2365.jpg', 'Jewellery'),
(1316, 12, 6, 'Necklace', 50, 300, 'Neck Wear', '2368.jpg', 'Jewellery'),
(1317, 12, 6, 'Necklace', 35, 250, 'Classic Jewellery', '2369.jpg', 'Jewellery'),
(1318, 12, 6, 'Necklace Bracelet Set', 30, 300, 'Women Jewellery', '2370.jpg', 'Jewellery'),
(1319, 12, 6, 'Necklace Earrings Set', 42, 300, 'Women Jewellery', '2367.jpg', 'Jewellery'),
(1320, 12, 6, 'Necklace', 47, 300, 'Jewellery', '2371.jpg', 'Jewellery'),
(1321, 12, 6, 'Bracelet', 50, 300, 'Neck Wear', '2379.jpg', 'Jewellery'),
(1322, 12, 6, 'Necklace', 35, 250, 'Classic Jewellery', '2377.jpg', 'Jewellery'),
(1323, 12, 6, 'Necklaces', 30, 300, 'Women Jewellery', '2372.jpg', 'Jewellery'),
(1324, 12, 6, 'Necklace', 42, 300, 'Women Jewellery', '2374.jpg', 'Jewellery'),
(1325, 12, 6, 'Earrings', 47, 300, 'Jewellery', '2378.jpg', 'Jewellery'),
(1326, 12, 6, 'Necklace', 64, 300, 'Neck Wear', '2380.jpg', 'Jewellery'),
(1327, 12, 6, 'Necklace Earrings Set', 75, 250, 'Classic Jewellery', '2381.jpg', 'Jewellery'),
(1328, 12, 6, 'Bracelet', 43, 300, 'Women Jewellery', '2382.jpg', 'Jewellery'),
(1329, 12, 6, 'Necklace', 28, 300, 'Women Jewellery', '2376.jpg', 'Jewellery'),
(1330, 12, 6, 'Friendship Chain', 32, 300, 'Jewellery', '2375.jpg', 'Jewellery'),
(1331, 12, 6, 'Necklace', 50, 300, 'Neck Wear', '2388.jpg', 'Jewellery'),
(1332, 12, 6, 'Earrings', 35, 250, 'Classic Jewellery', '2384.jpg', 'Jewellery'),
(1333, 12, 6, 'Necklace', 30, 300, 'Women Jewellery', '2383.jpg', 'Jewellery'),
(1334, 12, 6, 'Necklace', 42, 300, 'Women Jewellery', '2386.jpg', 'Jewellery'),
(1335, 12, 6, 'Necklace Earrings Set', 47, 300, 'Jewellery', '2390.jpg', 'Jewellery'),
(1336, 12, 6, 'Necklace', 64, 300, 'Neck Wear', '2404.jpg', 'Jewellery'),
(1337, 12, 6, 'Necklace Earrings Set', 75, 250, 'Classic Jewellery', '2389.jpg', 'Jewellery'),
(1338, 12, 6, 'Necklace', 43, 300, 'Women Jewellery', '2400.jpg', 'Jewellery'),
(1339, 12, 6, 'Pearl Necklace', 28, 300, 'Women Jewellery', '2385.jpg', 'Jewellery'),
(1340, 12, 6, 'Necklace', 32, 300, 'Jewellery', '2391.jpg', 'Jewellery'),
(1341, 12, 6, 'Bohemian Rings', 50, 300, 'Neck Wear', '2407.jpg', 'Jewellery'),
(1342, 12, 6, 'Necklace', 35, 250, 'Classic Jewellery', '2405.jpg', 'Jewellery'),
(1343, 12, 6, 'Necklace', 30, 300, 'Women Jewellery', '2408.jpg', 'Jewellery'),
(1344, 12, 6, 'Necklaces', 42, 300, 'Women Jewellery', '2410.jpg', 'Jewellery'),
(1345, 12, 6, 'Rings', 47, 300, 'Jewellery', '2409.jpg', 'Jewellery'),
(1346, 12, 6, 'Necklace Earrings Set', 64, 300, 'Neck Wear', '2412.jpg', 'Jewellery'),
(1347, 12, 6, 'Necklace Earrings Set', 75, 250, 'Classic Jewellery', '2406.jpg', 'Jewellery'),
(1348, 12, 6, 'Necklace', 43, 300, 'Women Jewellery', '2415.jpg', 'Jewellery'),
(1349, 12, 6, 'Necklace', 28, 300, 'Women Jewellery', '2413.jpg', 'Jewellery'),
(1350, 12, 6, 'Necklace', 32, 300, 'Jewellery', '2414.jpg', 'Jewellery'),
(1351, 12, 6, 'Bracelet Ring Set', 50, 300, 'Neck Wear', '2419.jpg', 'Jewellery'),
(1352, 12, 6, 'Necklace', 35, 250, 'Classic Jewellery', '2424.jpg', 'Jewellery'),
(1353, 12, 6, 'Necklace', 30, 300, 'Women Jewellery', '2416.jpg', 'Jewellery'),
(1354, 12, 6, 'Necklace', 42, 300, 'Women Jewellery', '2417.jpg', 'Jewellery'),
(1355, 12, 6, 'Necklace', 47, 300, 'Jewellery', '2425.jpg', 'Jewellery'),
(1356, 12, 6, 'Necklace', 64, 300, 'Neck Wear', '2423.jpg', 'Jewellery'),
(1357, 12, 6, 'Necklace Ring Watch Set', 75, 250, 'Classic Jewellery', '2418.jpg', 'Jewellery'),
(1358, 12, 6, 'Necklace', 43, 300, 'Women Jewellery', '2422.jpg', 'Jewellery'),
(1359, 12, 6, 'Necklace', 28, 300, 'Women Jewellery', '2420.jpg', 'Jewellery'),
(1360, 12, 6, 'Friendship Necklace', 32, 300, 'Jewellery', '2421.jpg', 'Jewellery'),
(1361, 12, 6, 'Bracelet', 50, 300, 'Neck Wear', '2429.jpg', 'Jewellery'),
(1362, 12, 6, 'Necklace', 35, 250, 'Classic Jewellery', '2427.jpg', 'Jewellery'),
(1363, 12, 6, 'High-low Dress', 62, 300, 'Women Jewellery', '2434.jpg', 'Jewellery'),
(1364, 12, 6, 'Dress', 63, 300, 'Women Jewellery', '2435.jpg', 'Jewellery'),
(1365, 12, 6, 'Earrings', 47, 300, 'Jewellery', '2428.jpg', 'Jewellery'),
(1366, 12, 6, 'Earrings', 64, 300, 'Neck Wear', '2431.jpg', 'Jewellery'),
(1367, 12, 6, 'Necklace', 75, 250, 'Classic Jewellery', '2432.jpg', 'Jewellery'),
(1368, 12, 6, 'Bracelet', 43, 300, 'Women Jewellery', '2430.jpg', 'Jewellery'),
(1369, 12, 6, 'Dress', 28, 300, 'Women Jewellery', '2436.jpg', 'Jewellery'),
(1370, 12, 6, 'Dress', 32, 300, 'Jewellery', '2437.jpg', 'Jewellery'),
(1371, 12, 6, 'Wedding gown', 6500, 300, 'Neck Wear', '2438.jpg', 'Jewellery'),
(1372, 12, 6, 'Wrap dress', 950, 250, 'Classic Jewellery', '2439.jpg', 'Jewellery'),
(1373, 12, 6, 'Princess Dress', 62, 300, 'Women Jewellery', '2440.jpg', 'Jewellery'),
(1374, 12, 7, 'Off-shoulder Dress', 350, 300, 'Women Jewellery', '2441.jpg', 'Jewellery'),
(1375, 12, 6, 'Dress', 400, 300, 'Jewellery', '2442.jpg', 'Jewellery'),
(1376, 12, 6, 'Dress', 930, 300, 'Neck Wear', '2443.jpg', 'Jewellery'),
(1377, 12, 6, 'Dress', 1714, 250, 'Classic Jewellery', '2444.jpg', 'Jewellery'),
(1378, 12, 6, 'Wedding gown', 9219, 300, 'Women Jewellery', '2445.jpg', 'Jewellery'),
(1379, 12, 6, 'Dress', 28, 300, 'Women Jewellery', '2446.jpg', 'Jewellery'),
(1380, 12, 6, 'Dress', 32, 300, 'Jewellery', '2447.jpg', 'Jewellery'),
(1381, 12, 6, 'Dress', 1229, 300, 'Neck Wear', '2448.jpg', 'Jewellery'),
(1382, 12, 6, 'Dress', 114, 250, 'Classic Jewellery', '2449.jpg', 'Jewellery'),
(1383, 12, 6, 'Dress', 999, 300, 'Women Jewellery', '2451.jpg', 'Jewellery'),
(1384, 12, 7, 'Off-shoulder Dress', 1519, 300, 'Women Jewellery', '2450.jpg', 'Jewellery'),
(1385, 12, 6, 'Gown', 2169, 300, 'Jewellery', '2452.jpg', 'Jewellery'),
(1386, 12, 6, 'Dress', 129, 300, 'Neck Wear', '2453.jpg', 'Jewellery'),
(1387, 12, 6, 'Dress', 75, 250, 'Classic Jewellery', '2454.jpg', 'Jewellery'),
(1388, 12, 6, 'Dress', 219, 300, 'Women Jewellery', '2456.jpg', 'Jewellery'),
(1389, 12, 6, 'Dress', 28, 300, 'Women Jewellery', '2457.jpg', 'Jewellery'),
(1390, 12, 6, 'Dress', 32, 300, 'Jewellery', '2458.jpg', 'Jewellery'),
(1391, 12, 6, 'Dress', 229, 300, 'Neck Wear', '2448.jpg', 'Jewellery'),
(1392, 12, 6, 'Dress', 1244, 250, 'Classic Jewellery', '2459.jpg', 'Jewellery'),
(1393, 12, 6, 'Dress', 30, 300, 'Women Jewellery', '2460.jpg', 'Jewellery'),
(1394, 12, 7, 'Plus-size Dress', 319, 300, 'Women Jewellery', '2461.jpg', 'Jewellery'),
(1395, 12, 7, 'Plus-size Dress', 369, 300, 'Jewellery', '2462.jpg', 'Jewellery'),
(1396, 12, 7, 'Plus-size Dress', 929, 300, 'Neck Wear', '2463.jpg', 'Jewellery'),
(1397, 12, 7, 'Dress', 75, 199, 'Classic Jewellery', '2464.jpg', 'Jewellery'),
(1398, 12, 7, 'Off-shoulder Dress', 1219, 300, 'Women Jewellery', '2466.jpg', 'Jewellery'),
(1399, 12, 7, 'Dress', 28, 300, 'Women Jewellery', '2467.jpg', 'Jewellery'),
(1400, 12, 6, 'Maxi Dress', 869, 300, 'Jewellery', '2468.jpg', 'Jewellery'),
(1401, 12, 7, 'Official Dress', 229, 300, 'Neck Wear', '2469.jpg', 'Jewellery'),
(1402, 12, 7, 'Dress', 1244, 250, 'Classic Jewellery', '2470.jpg', 'Jewellery'),
(1403, 12, 7, 'Body-con Dress', 30, 300, 'Women Jewellery', '2471.jpg', 'Jewellery'),
(1404, 12, 6, 'Maxi Dress', 319, 300, 'Women Jewellery', '2472.jpg', 'Jewellery'),
(1405, 12, 6, 'Maxi Dress', 450, 300, 'Jewellery', '2473.jpg', 'Jewellery'),
(1406, 12, 7, 'Plus-size Dress', 380, 300, 'Neck Wear', '2514.jpg', 'Jewellery'),
(1407, 12, 7, 'Dress', 75, 250, 'Classic Jewellery', '2474.jpg', 'Jewellery'),
(1408, 12, 7, 'Off-shoulder Dress', 265, 300, 'Women Jewellery', '2481.jpg', 'Jewellery'),
(1409, 12, 7, 'Dress', 28, 300, 'Women Jewellery', '2475.jpg', 'Jewellery'),
(1410, 12, 6, 'Maxi Dress', 320, 300, 'Jewellery', '2476.jpg', 'Jewellery'),
(1411, 12, 7, 'Official Dress', 312, 300, 'Neck Wear', '2479.jpg', 'Jewellery'),
(1412, 12, 7, 'Dress', 405, 250, 'Classic Jewellery', '2470.jpg', 'Jewellery'),
(1413, 12, 7, 'Dinner Gown', 30, 300, 'Women Jewellery', '2477.jpg', 'Jewellery'),
(1414, 12, 7, 'Ankara Trouser Suit', 550, 300, 'Women Jewellery', '2478.jpg', 'Jewellery'),
(1415, 12, 7, 'Plus-size Dress', 450, 300, 'Jewellery', '2483.jpg', 'Jewellery'),
(1416, 12, 7, 'Plus-size Dress', 380, 300, 'Neck Wear', '2514.jpg', 'Jewellery'),
(1417, 12, 7, 'Dress', 75, 250, 'Classic Jewellery', '2480.jpg', 'Jewellery'),
(1418, 12, 7, 'Off-shoulder Dress', 265, 300, 'Women Jewellery', '2481.jpg', 'Jewellery'),
(1419, 12, 7, 'Off-shoulder Dress', 28, 300, 'Women Jewellery', '2482.jpg', 'Jewellery'),
(1420, 12, 7, 'Plus-size Dress', 320, 300, 'Jewellery', '2488.jpg', 'Jewellery'),
(1421, 12, 7, 'African wear', 312, 300, 'Neck Wear', '2484.jpg', 'Jewellery'),
(1422, 12, 7, 'African wear', 405, 250, 'Classic Jewellery', '2485.jpg', 'Jewellery'),
(1423, 12, 7, 'Dinner Gown', 30, 300, 'Women Jewellery', '2492.jpg', 'Jewellery'),
(1424, 12, 7, 'African wear', 550, 300, 'Women Jewellery', '2486.jpg', 'Jewellery'),
(1425, 12, 7, 'Plus-size Dress', 450, 300, 'Jewellery', '2487.jpg', 'Jewellery'),
(1426, 12, 7, 'Plus-size Dress', 380, 300, 'Neck Wear', '2514.jpg', 'Jewellery'),
(1427, 12, 7, 'Dress', 75, 250, 'Classic Jewellery', '2489.jpg', 'Jewellery'),
(1428, 12, 6, 'Maxi Dress', 265, 300, 'Women Jewellery', '2491.jpg', 'Jewellery'),
(1429, 12, 7, 'Dress', 28, 300, 'Women Jewellery', '2493.jpg', 'Jewellery'),
(1430, 12, 7, 'Plus-size Dress', 320, 300, 'Jewellery', '2490.jpg', 'Jewellery'),
(1431, 12, 7, 'Wedding gown', 10000, 300, 'Neck Wear', '2494.jpg', 'Jewellery'),
(1432, 12, 7, 'Off-shoulder Dress', 1945, 250, 'Classic Jewellery', '2503.jpg', 'Jewellery'),
(1433, 12, 7, 'Official Dress', 62, 300, 'Women Jewellery', '2500.jpg', 'Jewellery'),
(1434, 12, 7, 'Off-shoulder Dress', 2500, 300, 'Women Jewellery', '2499.jpg', 'Jewellery'),
(1435, 12, 7, 'Official Dress', 400, 300, 'Jewellery', '2496.jpg', 'Jewellery'),
(1436, 12, 7, 'Dress', 930, 300, 'Neck Wear', '2497.jpg', 'Jewellery'),
(1437, 12, 6, 'Maxi Dress', 1715, 250, 'Classic Jewellery', '2498.jpg', 'Jewellery'),
(1438, 12, 7, 'Maxi gown', 10000, 300, 'Women Jewellery', '2495.jpg', 'Jewellery'),
(1439, 12, 7, 'Plus-size Dress', 670, 300, 'Women Jewellery', '2501.jpg', 'Jewellery'),
(1440, 12, 7, 'Body-con Dress', 32, 300, 'Jewellery', '2502.jpg', 'Jewellery'),
(1441, 12, 7, 'Body-con Dress', 32, 300, 'Jewellery', '2512.jpg', 'Jewellery'),
(1442, 12, 7, 'Dress', 945, 250, 'Classic Jewellery', '2513.jpg', 'Jewellery'),
(1443, 12, 7, 'Official Dress', 62, 300, 'Women Jewellery', '2509.jpg', 'Jewellery'),
(1444, 12, 7, 'Dress', 2500, 300, 'Women Jewellery', '2508.jpg', 'Jewellery'),
(1445, 12, 7, 'Official Dress', 400, 300, 'Jewellery', '2506.jpg', 'Jewellery'),
(1446, 12, 7, 'Dress', 380, 300, 'Neck Wear', '2504.jpg', 'Jewellery'),
(1447, 12, 7, 'Official Dress', 1715, 250, 'Classic Jewellery', '2507.jpg', 'Jewellery'),
(1448, 12, 7, 'Body-con Dress', 32, 300, 'Jewellery', '2510.jpg', 'Jewellery'),
(1449, 12, 7, 'Sweater Dress', 670, 300, 'Women Jewellery', '2511.jpg', 'Jewellery'),
(1450, 12, 7, 'Body-con Dress', 32, 300, 'Jewellery', '2505.jpg', 'Jewellery'),
(1635, 12, 7, 'Cold-shoulder Dress', 1945, 250, 'Classic Jewellery', '2515.jpg', 'Jewellery'),
(1636, 12, 7, 'Official Dress', 62, 300, 'Women Jewellery', '2517.jpg', 'Jewellery'),
(1637, 12, 7, 'Dress', 499, 300, 'Women Jewellery', '2516.jpg', 'Jewellery'),
(1638, 12, 7, 'Plus-size Dress', 670, 300, 'Women Jewellery', '2523.jpg', 'Jewellery'),
(1639, 12, 7, 'Dress', 380, 300, 'Neck Wear', '2522.jpg', 'Jewellery'),
(1640, 12, 7, 'Official Dress', 714, 250, 'Classic Jewellery', '2518.jpg', 'Jewellery'),
(1641, 12, 7, 'Plus-size Dress', 670, 300, 'Women Jewellery', '2521.jpg', 'Jewellery'),
(1642, 12, 7, 'Plus-size Dress', 670, 300, 'Women Jewellery', '2519.jpg', 'Jewellery'),
(1643, 12, 7, 'Plus-size Dress', 670, 300, 'Women Jewellery', '2520.jpg', 'Jewellery'),
(1651, 12, 7, 'Plus-size Dress', 670, 300, 'Women Jewellery', '2514.jpg', 'Jewellery'),
(2451, 5, 9, 'Charcoal scrub', 250, 400, 'Body and Skin care', 'bh11.jpg', 'Beauty and Health'),
(2452, 5, 9, 'Geisha soap', 150, 100, 'Body and Skin care', 'bh12.jpg', 'Beauty and Health'),
(2453, 5, 9, 'Skinactive Facemask', 120, 80, 'Body and Skin care', 'bh13.jpg', 'Beauty and Health'),
(2454, 5, 9, 'Garnier Daycream', 120, 80, 'Body and Skin care', 'bh14.jpg', 'Beauty and Health'),
(2455, 5, 9, 'Garnier products', 80, 180, 'Body and Skin care', 'bh15.jpg', 'Beauty and Health'),
(2456, 5, 9, 'Fitme foundation', 250, 400, 'Body and Skin care', 'bh16.jpg', 'Beauty and Health'),
(2457, 5, 9, 'Miscellar cleansing water', 150, 100, 'Body and Skin care', 'bh17.jpg', 'Beauty and Health'),
(2458, 5, 9, 'Huda lipstick', 120, 80, 'Body and Skin care', 'bh18.jpg', 'Beauty and Health'),
(2459, 5, 9, 'Nivea daycream', 120, 80, 'Body and Skin care', 'bh19.jpg', 'Beauty and Health'),
(2460, 5, 9, 'Hydrabomb facemask', 80, 180, 'Body and Skin care', '20.jpg', 'Beauty and Health'),
(2461, 5, 9, 'Beauty products', 250, 400, 'Body and Skin care', '21.jpg', 'Beauty and Health'),
(2462, 5, 9, 'Tooth Cleanser', 150, 100, 'Body and Skin care', '22.jpg', 'Beauty and Health'),
(2463, 5, 9, 'Garnier moisturizer', 120, 80, 'Body and Skin care', '23.jpg', 'Beauty and Health'),
(2464, 5, 9, 'Geisha blacksoap', 120, 80, 'Body and Skin care', '24.jpg', 'Beauty and Health'),
(2465, 5, 9, 'Geisha buy1get1free', 80, 180, 'Body and Skin care', '25.jpg', 'Beauty and Health'),
(2466, 5, 9, 'Miscellar Cleansing water pink', 250, 400, 'Body and Skin care', '26.jpg', 'Beauty and Health'),
(2467, 5, 9, 'Hydrabomb', 150, 100, 'Body and Skin care', '27.jpg', 'Beauty and Health'),
(2468, 5, 9, 'Miscellar Cleansing water yellow', 120, 80, 'Body and Skin care', '28.jpg', 'Beauty and Health'),
(2469, 5, 9, 'Geisha black soap 500g', 120, 80, 'Body and Skin care', '29.jpg', 'Beauty and Health'),
(2470, 5, 9, 'Hairspray', 80, 180, 'Body and Skin care', '30.jpg', 'Beauty and Health'),
(2471, 5, 9, 'Babycare oil', 250, 400, 'Body and Skin care', 'Babycare.jpg', 'Beauty and Health'),
(2472, 5, 9, 'Dettol showergel', 150, 100, 'Body and Skin care', 'Bathing.jpg', 'Beauty and Health'),
(2473, 5, 9, 'Axe deodrant', 120, 80, 'Body and Skin care', 'Deodorants.jpg', 'Beauty and Health'),
(2474, 5, 9, 'Creativex4', 120, 80, 'Body and Skin care', 'Endurance.jpg', 'Beauty and Health'),
(2475, 5, 9, 'Dentalcare kit', 80, 180, 'Body and Skin care', 'Dentalcarekit.jpg', 'Beauty and Health'),
(2476, 5, 9, 'Concealer', 250, 400, 'Body and Skin care', 'Concealers.jpg', 'Beauty and Health'),
(2477, 5, 9, 'Conditioner', 150, 100, 'Body and Skin care', 'Conditioners.jpg', 'Beauty and Health'),
(2478, 5, 9, 'Eyeshadow 3palletes', 120, 80, 'Body and Skin care', 'Eyebrows.jpg', 'Beauty and Health'),
(2479, 5, 9, 'Sanitizer spray', 120, 80, 'Body and Skin care', 'Sanitizerspray.jpg', 'Beauty and Health'),
(2480, 5, 9, 'Nivea moisturizers', 80, 180, 'Body and Skin care', 'Moisturizers.jpg', 'Beauty and Health'),
(2481, 5, 9, 'Nivea bodylotion', 250, 400, 'Body and Skin care', 'Nivea.jpg', 'Beauty and Health'),
(2482, 5, 9, 'Mouthwash', 150, 100, 'Body and Skin care', 'Mouthwash.jpg', 'Beauty and Health'),
(2483, 5, 9, 'Nailpolish', 120, 80, 'Body and Skin care', 'Nailpolish.jpg', 'Beauty and Health'),
(2484, 5, 9, 'Nailart', 120, 80, 'Body and Skin care', 'Nailart.jpg', 'Beauty and Health'),
(2485, 5, 9, 'Nailpolish remover', 80, 180, 'Body and Skin care', 'Nailpolishremover.jpg', 'Beauty and Health'),
(2486, 5, 9, 'Nail treatment', 250, 400, 'Body and Skin care', 'Nailtreatment.jpg', 'Beauty and Health'),
(2487, 5, 9, 'Protein', 150, 100, 'Body and Skin care', 'Protein.jpg', 'Beauty and Health'),
(2488, 5, 9, 'Pick and floss', 120, 80, 'Body and Skin care', 'Picksfloss.jpg', 'Beauty and Health'),
(2489, 5, 9, 'Revlon', 120, 80, 'Body and Skin care', 'Revlon.jpg', 'Beauty and Health'),
(2490, 5, 9, 'Baby cussons', 80, 180, 'Body and Skin care', 'Cussons.jpg', 'Beauty and Health'),
(2491, 5, 9, 'Piercing and tats', 250, 400, 'Body and Skin care', 'Piercingtats.jpg', 'Beauty and Health'),
(2492, 5, 9, 'Body Consious', 150, 100, 'Body and Skin care', 'Bodyconcious.jpg', 'Beauty and Health'),
(2493, 5, 9, 'Fastgrow and anabolic', 120, 80, 'Body and Skin care', 'Carbmanagement.jpg', 'Beauty and Health'),
(2494, 5, 9, 'Clinique', 120, 80, 'Body and Skin care', 'Clinique.jpg', 'Beauty and Health'),
(2495, 5, 9, 'Cream and moisturizers', 80, 180, 'Body and Skin care', 'Creamandmoisturizers.jpg', 'Beauty and Health'),
(2496, 5, 9, 'Detangler', 250, 400, 'Body and Skin care', 'Detangler.jpg', 'Beauty and Health'),
(2497, 5, 9, 'Dietary supplements', 150, 100, 'Body and Skin care', 'Dietarysupps.jpg', 'Beauty and Health'),
(2498, 5, 9, 'Eyeliner', 120, 80, 'Body and Skin care', 'Eyeliner.jpg', 'Beauty and Health'),
(2499, 5, 9, 'Cosmetic bag', 120, 80, 'Body and Skin care', 'Cosmeticbag.jpg', 'Beauty and Health'),
(2500, 5, 9, 'Fashion 10pcs makeupbrushes', 80, 180, 'Body and Skin care', 'Fashion10pcsmakeupbrushes.jpg', 'Beauty and Health'),
(2501, 5, 9, 'Fashion 12pcs makeupbrushes', 250, 400, 'Body and Skin care', 'Fashion12pcsmakeupbrushes.jpg', 'Beauty and Health'),
(2502, 5, 9, 'Fashion makeup spongepuff', 150, 100, 'Body and Skin care', 'Fashionmakeupspengepuff.jpg', 'Beauty and Health'),
(2503, 5, 9, 'Fatburners', 120, 80, 'Body and Skin care', 'Fatburners.jpg', 'Beauty and Health'),
(2504, 5, 9, 'Gelhand sanitizer', 120, 80, 'Body and Skin care', 'Gelhandsanitizer.jpg', 'Beauty and Health'),
(2505, 5, 9, 'Feminine care', 80, 180, 'Body and Skin care', 'Femininecare.jpg', 'Beauty and Health'),
(2506, 5, 9, 'Foundation', 250, 400, 'Body and Skin care', 'Foundation.jpg', 'Beauty and Health'),
(2507, 5, 9, 'Fragrances', 150, 100, 'Body and Skin care', 'Fragrances.jpg', 'Beauty and Health'),
(2508, 5, 9, 'Foundation powderbrush', 120, 80, 'Body and Skin care', 'Foundationpowderbrush.jpg', 'Beauty and Health'),
(2509, 5, 9, 'Generic 20pcs makeupbrush', 120, 80, 'Body and Skin care', 'Generic20pcsmakeupbrush.jpg', 'Beauty and Health'),
(2510, 5, 9, 'Glowup', 80, 180, 'Body and Skin care', 'Glowup.jpg', 'Beauty and Health'),
(2511, 5, 9, 'Hair colouring', 250, 400, 'Body and Skin care', 'Haircolouring.jpg', 'Beauty and Health'),
(2512, 5, 9, 'Hair cutting', 150, 100, 'Body and Skin care', 'Haircutting.jpg', 'Beauty and Health'),
(2513, 5, 9, 'Hair loss', 120, 80, 'Body and Skin care', 'Hairloss.jpg', 'Beauty and Health'),
(2514, 5, 9, 'Hair styling', 120, 80, 'Body and Skin care', 'Hairstyling.jpg', 'Beauty and Health'),
(2515, 5, 9, 'Fashion printed cosmeticbag', 80, 180, 'Body and Skin care', 'Fashionprintedcosmeticbag.jpg', 'Beauty and Health'),
(2516, 5, 9, 'Loreal', 250, 400, 'Body and Skin care', 'Loreal.jpg', 'Beauty and Health'),
(2517, 5, 9, 'Lipcare', 150, 100, 'Body and Skin care', 'Lipcare.jpg', 'Beauty and Health'),
(2518, 5, 9, 'Mac', 120, 80, 'Body and Skin care', 'Mac.jpg', 'Beauty and Health'),
(2519, 5, 9, 'Makeup bag', 120, 80, 'Body and Skin care', 'Makeupbag.jpg', 'Beauty and Health'),
(2520, 5, 9, 'Marini', 80, 180, 'Body and Skin care', 'Marini.jpg', 'Beauty and Health'),
(2521, 5, 9, 'Mascara', 250, 400, 'Body and Skin care', 'Mascara.jpg', 'Beauty and Health'),
(2522, 5, 9, 'Maskcare 2pcs', 150, 100, 'Body and Skin care', 'Maskcare2pcs.jpg', 'Beauty and Health'),
(2523, 5, 9, 'Maybelline concealer', 120, 80, 'Body and Skin care', 'Maybellineconcealer.jpg', 'Beauty and Health'),
(2524, 5, 9, 'Mens shaving', 120, 80, 'Body and Skin care', 'Mensshaving.jpg', 'Beauty and Health'),
(2525, 5, 9, 'Maybelline LiquidLips', 80, 180, 'Body and Skin care', 'MaybellineLiquidLips.jpg', 'Beauty and Health'),
(2526, 5, 9, 'Microcide handsanitizer', 250, 400, 'Body and Skin care', 'Microcidehandsanitizer.jpg', 'Beauty and Health'),
(2527, 5, 9, 'Mizani', 150, 100, 'Body and Skin care', 'Mizani.jpg', 'Beauty and Health'),
(2528, 5, 9, 'Mosara', 120, 80, 'Body and Skin care', 'Mosara.jpg', 'Beauty and Health'),
(2529, 5, 9, 'Organic beauty', 120, 80, 'Body and Skin care', 'OrganicBeauty.jpg', 'Beauty and Health'),
(2530, 5, 9, 'Reusable 3layerfacemask', 80, 180, 'Body and Skin care', 'Reusable3layerfacemask.jpg', 'Beauty and Health'),
(2531, 5, 9, 'Rosy antibacterial handsanitizer50ml', 250, 400, 'Body and Skin care', 'Rosyantibacterialhandsanitizer50ml.jpg', 'Beauty and Health'),
(2532, 5, 9, 'Rosy antibacterial handsanitizer5L', 150, 100, 'Body and Skin care', 'Rosyantibacterialhandsanitizer5L.jpg', 'Beauty and Health'),
(2533, 5, 9, 'Scrubs and bodytreatment', 120, 80, 'Body and Skin care', 'Scrubsandbodytreatment.jpg', 'Beauty and Health'),
(2534, 5, 9, 'Sexual Wellness', 120, 80, 'Body and Skin care', 'SexualWellness.jpg', 'Beauty and Health'),
(2535, 5, 9, 'Shampoo', 80, 180, 'Body and Skin care', 'Shampoo.jpg', 'Beauty and Health'),
(2536, 5, 9, 'Supplement stacks', 250, 400, 'Body and Skin care', 'Suppstacks.jpg', 'Beauty and Health'),
(2537, 5, 9, 'Teeth whitening', 150, 100, 'Body and Skin care', 'Teethwhitening.jpg', 'Beauty and Health'),
(2538, 5, 9, 'Testosterone', 120, 80, 'Body and Skin care', 'Testosterone.jpg', 'Beauty and Health'),
(2539, 5, 9, 'Toothbrushes', 120, 80, 'Body and Skin care', 'Toothbrushes.jpg', 'Beauty and Health'),
(2540, 5, 9, 'Toothpaste', 80, 180, 'Body and Skin care', 'Toothpaste.jpg', 'Beauty and Health'),
(2541, 5, 9, 'Treatment masks', 250, 400, 'Body and Skin care', 'Treatmentmasks.jpg', 'Beauty and Health'),
(2542, 5, 9, 'USN', 150, 100, 'Body and Skin care', 'USN.jpg', 'Beauty and Health'),
(2543, 5, 9, 'Velvex hand sanitizinggel60ml', 120, 80, 'Body and Skin care', 'Velvexhandsanitizinggel60ml.jpg', 'Beauty and Health'),
(2544, 5, 9, 'Vision care', 120, 80, 'Body and Skin care', 'Visioncare.jpg', 'Beauty and Health'),
(2545, 5, 9, 'Vitamins', 80, 180, 'Body and Skin care', 'Vitamins.jpg', 'Beauty and Health'),
(2546, 5, 9, 'Weight gainers', 250, 400, 'Body and Skin care', 'Weightgainers.jpg', 'Beauty and Health'),
(2547, 5, 9, 'Weight losspills', 150, 100, 'Body and Skin care', 'Weightloss.jpg', 'Beauty and Health'),
(2548, 5, 9, 'Womens shavingcream', 120, 80, 'Body and Skin care', 'Womensshaving.jpg', 'Beauty and Health'),
(2549, 5, 9, 'Pre workout', 120, 80, 'Body and Skin care', 'Preworkout.jpg', 'Beauty and Health'),
(2550, 5, 9, 'Post workout', 80, 180, 'Body and Skin care', 'Postworkout.jpg', 'Beauty and Health'),
(2551, 5, 9, '3pcs washablemasks', 250, 400, 'Body and Skin care', '3pcswashablemasks.jpg', 'Beauty and Health'),
(2552, 5, 9, 'Nutriaf', 150, 100, 'Body and Skin care', 'bh125.jpg', 'Beauty and Health'),
(2553, 5, 9, 'Olive spray', 120, 80, 'Body and Skin care', 'bh126.jpg', 'Beauty and Health'),
(2554, 5, 9, 'Masks', 120, 80, 'Body and Skin care', 'bh127.jpg', 'Beauty and Health'),
(2555, 5, 9, 'Heartrate checker', 80, 180, 'Body and Skin care', 'bh128.jpg', 'Beauty and Health'),
(2556, 5, 9, 'Nivea lipmoisturizer', 250, 400, 'Body and Skin care', 'bh129.jpg', 'Beauty and Health'),
(2557, 5, 9, 'Nivea rollon', 150, 100, 'Body and Skin care', 'bh130.jpg', 'Beauty and Health'),
(2558, 5, 9, 'Nice and lovely hairgel', 120, 80, 'Body and Skin care', 'bh131.jpg', 'Beauty and Health'),
(2559, 5, 9, 'Sheabutter', 120, 80, 'Body and Skin care', 'bh132.jpg', 'Beauty and Health'),
(2560, 5, 9, 'Nude eyeshadow', 80, 180, 'Body and Skin care', 'bh134.jpg', 'Beauty and Health'),
(2561, 5, 9, 'Vaseline blueseal', 250, 400, 'Body and Skin care', 'bh135.jpg', 'Beauty and Health'),
(2562, 5, 9, 'Toothbrush holder', 150, 100, 'Body and Skin care', 'bh136.jpg', 'Beauty and Health'),
(2563, 5, 9, 'Huda foundation', 120, 80, 'Body and Skin care', 'bh137.jpg', 'Beauty and Health'),
(2564, 5, 9, 'Nivea bodycream', 120, 80, 'Body and Skin care', 'bh138.jpg', 'Beauty and Health'),
(2565, 5, 9, 'Hairdye', 80, 180, 'Body and Skin care', 'bh139.jpg', 'Beauty and Health'),
(2566, 5, 9, 'Lasting spray', 250, 400, 'Body and Skin care', 'bh140.jpg', 'Beauty and Health'),
(2567, 5, 9, 'Fenty foundation', 150, 100, 'Body and Skin care', 'bh141.jpg', 'Beauty and Health'),
(2568, 5, 9, 'Weightloss pills', 120, 80, 'Body and Skin care', 'bh142.jpg', 'Beauty and Health'),
(2569, 5, 9, 'Geisha aloevera', 120, 80, 'Body and Skin care', 'bh143.jpg', 'Beauty and Health'),
(2570, 5, 9, 'Heal', 80, 180, 'Body and Skin care', 'bh144.jpg', 'Beauty and Health'),
(2571, 5, 9, 'Nivea sheabutter', 250, 400, 'Body and Skin care', 'bh145.jpg', 'Beauty and Health'),
(2572, 5, 9, 'Nivea cocoabutter', 150, 100, 'Body and Skin care', 'bh146.jpg', 'Beauty and Health'),
(2573, 5, 9, 'Geisha valuepack', 120, 80, 'Body and Skin care', 'bh147.jpg', 'Beauty and Health'),
(2574, 5, 9, 'Biooil', 120, 80, 'Body and Skin care', 'bh148.jpg', 'Beauty and Health'),
(2575, 5, 9, 'Nice and lovely hairfood', 80, 180, 'Body and Skin care', 'bh149.jpg', 'Beauty and Health'),
(2576, 5, 9, 'Biooil products', 250, 400, 'Body and Skin care', 'bh150.jpg', 'Beauty and Health'),
(2577, 5, 9, 'Skinactive charcoalmask', 150, 100, 'Body and Skin care', 'bh151.jpg', 'Beauty and Health'),
(2578, 5, 9, 'Niceandlovely glycerine', 120, 80, 'Body and Skin care', 'bh152.jpg', 'Beauty and Health'),
(2579, 5, 9, 'Nivea forMen', 120, 80, 'Body and Skin care', 'bh153.jpg', 'Beauty and Health'),
(2580, 5, 9, 'Face massager', 80, 180, 'Body and Skin care', 'bh154.jpg', 'Beauty and Health'),
(2581, 5, 9, 'Eyelashes', 250, 400, 'Body and Skin care', 'bh155.jpg', 'Beauty and Health'),
(2582, 5, 9, 'La brea', 150, 100, 'Body and Skin care', 'bh156.jpg', 'Beauty and Health'),
(2583, 5, 9, 'Bodylotion and deodrant', 120, 80, 'Body and Skin care', 'bh157.jpg', 'Beauty and Health'),
(2584, 5, 9, 'Huda mascara', 120, 80, 'Body and Skin care', 'bh158.jpg', 'Beauty and Health'),
(2585, 5, 9, 'Bath sponge', 80, 180, 'Body and Skin care', 'bh159.jpg', 'Beauty and Health'),
(2586, 5, 9, 'Carmel facemask', 250, 400, 'Body and Skin care', 'bh160.jpg', 'Beauty and Health'),
(2587, 5, 9, 'Weighlosser', 150, 100, 'Body and Skin care', 'bh161.jpg', 'Beauty and Health'),
(2588, 5, 9, 'Toothbrush', 120, 80, 'Body and Skin care', 'bh162.jpg', 'Beauty and Health'),
(2589, 5, 9, 'Biooil', 120, 80, 'Body and Skin care', 'bh163.jpg', 'Beauty and Health'),
(2590, 5, 9, 'Facial massager', 80, 180, 'Body and Skin care', 'bh164.jpg', 'Beauty and Health'),
(2591, 5, 9, 'Vaseline men refreshing', 250, 400, 'Body and Skin care', 'bh165.jpg', 'Beauty and Health'),
(2592, 5, 9, 'combination massager', 150, 100, 'Body and Skin care', 'bh166.jpg', 'Beauty and Health'),
(2593, 5, 9, '22makeup brushes', 120, 80, 'Body and Skin care', 'bh167.jpg', 'Beauty and Health'),
(2594, 5, 9, 'Skinactive Hydrabomb', 120, 80, 'Body and Skin care', 'bh168.jpg', 'Beauty and Health'),
(2595, 5, 9, 'Blowdryer', 80, 180, 'Body and Skin care', 'bh169.jpg', 'Beauty and Health'),
(2596, 5, 9, 'Garnier skinactive', 250, 400, 'Body and Skin care', 'bh170.jpg', 'Beauty and Health'),
(2597, 5, 9, 'Dr Ramsel', 150, 100, 'Body and Skin care', 'bh171.jpg', 'Beauty and Health'),
(2598, 5, 9, 'nivea lotion', 120, 80, 'Body and Skin care', 'bh172.jpg', 'Beauty and Health'),
(2599, 5, 9, 'Lipbalm', 120, 80, 'Body and Skin care', 'bh173.jpg', 'Beauty and Health'),
(2600, 5, 9, 'Moisturizer', 80, 180, 'Body and Skin care', 'bh174.jpg', 'Beauty and Health'),
(2601, 5, 9, 'Coconut oil', 250, 400, 'Body and Skin care', 'bh175.jpg', 'Beauty and Health'),
(2602, 5, 9, 'Coconut haircream', 150, 100, 'Body and Skin care', 'bh176.jpg', 'Beauty and Health'),
(2603, 5, 9, 'iCare', 120, 80, 'Body and Skin care', 'ab177.jpg', 'Beauty and Health'),
(2604, 13, 8, 'Afia energydrink 300ml', 120, 80, 'Beverages', 'Afiaenergydrink300ml.jpg', 'Alcohol and beveraages'),
(2605, 13, 8, 'Azam energydrink 300ml', 80, 180, 'Beverages', 'Azamenergydrink300m.jpg', 'Alcohol and beveraages'),
(2606, 13, 8, 'Bravado EnergyDrink 300ml', 250, 400, 'Beverages', 'BravadoEnergyDrink300ml.jpg', 'Alcohol and beveraages'),
(2607, 13, 8, 'Bateleur', 150, 100, 'Beverages', 'Bateleur.jpg', 'Alcohol and beveraages'),
(2608, 13, 8, 'Gordon drygin', 120, 80, 'Beverages', 'ab179.jpg', 'Alcohol and beveraages'),
(2609, 13, 8, 'Tusker lite', 120, 80, 'Beverages', 'ab180.jpg', 'Alcohol and beveraages'),
(2610, 13, 8, 'Gordons pink', 80, 180, 'Beverages', 'ab181.jpg', 'Alcohol and beveraages'),
(2611, 13, 8, 'Chrome vodka', 250, 400, 'Beverages', 'ab182.jpg', 'Alcohol and beveraages'),
(2612, 13, 8, 'Cellar wine', 150, 100, 'Beverages', 'ab183.jpg', 'Alcohol and beveraages'),
(2613, 13, 8, 'Tripleace vodka', 120, 80, 'Beverages', 'ab184.jpg', 'Alcohol and beveraages'),
(2614, 13, 8, 'Captain morgan', 120, 80, 'Beverages', 'ab185.jpg', 'Alcohol and beveraages'),
(2615, 13, 8, 'Soys wine', 80, 180, 'Beverages', 'ab186.jpg', 'Alcohol and beveraages'),
(2616, 13, 8, 'Cellarcask', 250, 400, 'Beverages', 'ab187.jpg', 'Alcohol and beveraages'),
(2617, 13, 8, 'Gilbeyspink Gin', 150, 100, 'Beverages', 'ab188.jpg', 'Alcohol and beveraages'),
(2618, 13, 8, 'Cowine', 120, 80, 'Beverages', 'ab189.jpg', 'Alcohol and beveraages'),
(2619, 13, 8, 'Stilldrinking water', 120, 80, 'Beverages', 'ab190.jpg', 'Alcohol and beveraages'),
(2620, 13, 8, 'Stilldrinking waterblue', 80, 180, 'Beverages', 'ab191.jpg', 'Alcohol and beveraages'),
(2621, 13, 8, 'Bolls', 250, 400, 'Beverages', 'ab192.jpg', 'Alcohol and beveraages'),
(2622, 13, 8, 'Henessey', 150, 100, 'Beverages', 'ab193.jpg', 'Alcohol and beveraages'),
(2623, 13, 8, '4thstreet 5l', 120, 80, 'Beverages', 'ab194.jpg', 'Alcohol and beveraages'),
(2624, 13, 8, '4thstreet 750ml', 120, 80, 'Beverages', 'ab195.jpg', 'Alcohol and beveraages'),
(2625, 13, 8, 'Fanta', 80, 180, 'Beverages', 'ab196.jpg', 'Alcohol and beveraages'),
(2626, 13, 8, 'White wine', 250, 400, 'Beverages', 'ab197.jpg', 'Alcohol and beveraages'),
(2627, 13, 8, 'Four cousins', 150, 100, 'Beverages', 'ab198.jpg', 'Alcohol and beveraages'),
(2628, 13, 8, 'Supreme vodka', 120, 80, 'Beverages', 'ab199.jpg', 'Alcohol and beveraages'),
(2629, 13, 8, 'Kenyaking vodka', 120, 80, 'Beverages', 'ab200.jpg', 'Alcohol and beveraages'),
(2630, 13, 8, 'Kenyacane vodka', 80, 180, 'Beverages', 'ab201.jpg', 'Alcohol and beveraages');

-- --------------------------------------------------------

--
-- Table structure for table `user_info`
--

CREATE TABLE `user_info` (
  `user_id` int(10) NOT NULL,
  `first_name` varchar(100) NOT NULL,
  `last_name` varchar(100) NOT NULL,
  `email` varchar(300) NOT NULL,
  `password` varchar(300) NOT NULL,
  `mobile` varchar(10) NOT NULL,
  `address1` varchar(300) NOT NULL,
  `address2` varchar(11) NOT NULL
) ENGINE=InnoDB DEFAULT CHARSET=latin1;

--
-- Dumping data for table `user_info`
--

INSERT INTO `user_info` (`user_id`, `first_name`, `last_name`, `email`, `password`, `mobile`, `address1`, `address2`) VALUES
(1, 'Rizwan', 'Khan', 'rizwankhan.august16@gmail.com', '25f9e794323b453885f5181f1b624d0b', '8389080183', 'Rahmat Nagar Burnpur Asansol', 'Asansol'),
(3, 'Ken', 'Vista', 'vken@gmail.com', 'bdfeae4a5abc9c55d93306322d57a9f4', '0745673245', '23, Voi', '34, TTU'),
(4, 'Rewes', 'Kalito', 'raycali@yahoo.com', '3445566778', '0978654312', 'Western', 'park1'),
(5, 'Izooh', 'Wabuye', 'izohwab@gmail.com', '95710b85e86298362d1139d0bd70feff', '0756432688', 'Ongata', 'Kiserian'),
(6, 'rebecca', 'kimani', 'beckybecca@gmail.com', 'e5f0626e910f829ab1add290c959f5af', '0705121601', '101 ruiru', '234 kiambu'),
(7, 'Cynthia ', 'Mbesa', 'mbesacynthia@gmail.com', '25f9e794323b453885f5181f1b624d0b', '0704267098', 'Taita', 'Taveta'),
(8, 'Ruth ', 'Wamalwa', 'kudi@outlook.com', 'adf0a7b6f9c8cb5b0247a43206be9099', '0112810349', '18 Voi', '33 TTU'),
(9, 'dorothy', 'towet', 'dorochela99@gmail.com', '127cb4d70274fadb440e7b9694a6c1bf', '0740328519', '20200 kco', '69 kco'),
(10, 'Sheena ', 'kokonya', 'sharon.sheena98@gmail.com', 'eb352ebf5afdc078e284db584af84426', '0710394277', '23,voi', '34,TTU'),
(11, 'Abigail', 'Salee', 'abigailsalee@gmail.com', '25f9e794323b453885f5181f1b624d0b', '0796125575', '33, TTU', '22, TTU'),
(12, 'peninah', 'mwangi', 'mwangipeninah11@gmail.com', '415819e9708ebdb50011a24dbd365564', '0717966557', '267 nyahururu', '26 kerugoya'),
(13, 'mueni', 'adam', 'adamkioko38@gmail.com', '02e2f431565ac9c2597cf13431bd434f', '0115732520', 'machakos 23', 'mitaboni 99'),
(14, 'Naomi ', 'Mohammed', 'naomimohammed17@gmaol.com', '4105f7671719441e1333120bb4135097', '0748106209', '2201 NAIROBI', '2201 NAIROB'),
(15, 'yvonne', 'mwanzia', 'mutanu@gmail.com', '87eb7cca0090a63b35b652ebe79f5109', '0794309836', 'karanga 34', 'nairobi 99'),
(16, 'kimani', 'okello', 'kimaniokello10@gmail.com', 'fde215d5148990b4a94e1a81832b2e18', '0711101110', '27 voi', '27 mwatate'),
(17, 'okoth', 'omondi', 'okothomondi11@gmail.com', '10c071cd0a69bdb8359bdf00878d1f94', '0711121112', '29 nairobi', '30 nyeri'),
(18, 'Kevin', 'obia', 'kevobia@gmail.com', 'd972d1d86937ca8d0205da5dd74d7ad5', '0768452312', 'west voi', 'wundab'),
(19, 'Ruth', 'nekesa', 'ruthnek@gmail.com', 'b929112b1cd4e596e79b4a0f8b59b368', '0897653545', 'bgm', 'ktl'),
(20, 'Asman ', 'westu', 'westu@gmail.com', '8c6c4d90976ccfb9f3b1b5bdd6ada557', '2345127689', 'Gatec', 'bate g'),
(21, 'Diana ', 'simuli', 'dee@gmail.com', '8c7bc30d608570beba5597f5d86e429f', '3452345678', 'chwl', 'mariwe'),
(22, 'Christine', ' dejio', 'dej@gmail.com', 'e0d58bb3dfee9bb5d60a822f9d610807', '0112810349', '12 dere', '24gure'),
(23, 'Faith ', 'chepuki', 'chep@gmail.com', '060d97d7c1063226f304d731c0ae42b6', '0745673245', '33, TTU', '234 kiambu'),
(24, 'Ezekiel ', 'john', 'zeky@gmail.com', '70cc9408fd36115aa453db9f2fc66085', '0710394277', '23, Voi', '22, TTU'),
(25, 'ferui', 'kinyanjui', 'dayki@gmail.com', '50fbea6b78b3828cad82ccb9d061a488', '0748328966', 'Texac', 'Miami'),
(26, 'Aziza', 'abod', 'aziz@gmail.com', 'bd739f3c1af2c09fe2dfca37e3f2f448', '0749328966', 'kaha', 'wenda'),
(27, 'James', 'ndungu', 'jemo@gmail.com', '5486c3f4c9df3a470d6c6a8d51361780', '0750328966', 'Gateb', 'gateb'),
(28, 'Brian', 'kibet', 'kibe@gmail.com', '61c6562e4637eb10f0231f14afd8bc9c', '0751328966', 'mau', 'mau'),
(29, 'Kenneth', 'Ngumo', 'ngum@gmail.com', '0c593f56abfc8e42d3a3e7d2cf6a01a3', '0752328966', 'fedui', 'fedui'),
(30, 'Cheleangat', 'vennah', 'vena@gmail.com', '429264a5fe109537232b2f9184bc8ab5', '0753328966', 'twapa', 'twapa'),
(31, 'Elsvis', 'mwangi', 'mwas@gmail.com', '1422352f83f1e79c338d6378243269fb', '0754328966', 'nyuki', 'nyuki'),
(32, 'king', 'steve', 'steveking@gmail.com', '797c6942502709ae4491798b90a20cf4', '0714211772', 'Ongt', 'ongt'),
(33, 'Ken', 'mutwiri', 'mutwik@gmail.com', '302b31c6399818d23a903e8d309f282c', '0755328966', 'Mumj', 'Mumj'),
(34, 'Wafula', 'sanya', 'sanya@gmail.com', '838e32a75c01487ba9ed97823f3e3c48', '0756328966', 'esta', 'esta'),
(35, 'Mutheke', 'mututa', 'mututa@gmail.com', '1e4a601a49c712c8d362f45e7c9b10b8', '0757328966', 'riwe', 'riwe'),
(36, 'Hawa', 'jamal', 'jamal@gmail.com', '3942ca05739fc5848dec8ba82fd713f0', '0758328966', 'voi', 'voi'),
(37, 'Kabugi', 'dan', 'dankab@gmail.com', '48f0f9609ef41881663dc9b2f4b19d49', '0759328966', 'twae', 'twae'),
(38, 'Sang', 'Jackie', 'mally@gmail.com', 'edbbd29c9296c096c2c0a72e44bb2035', '0760328966', 'Kren', 'Kren'),
(39, 'James', 'jamau', 'kamauj@gmail.com', '8e494f8d7bdd8f53ab154a3aa9984d98', '0761328966', 'old', 'old'),
(40, 'Maria', 'mwangi', 'maria@gmail.com', '5621455638ff13eaf716eb1b4b54f428', '0762328966', 'wund', 'wund'),
(41, 'Hassan', 'kombo', 'kombo@yahoo.com', '1c08b629bf21d814b2451e8d136a0a59', '0763328966', 'teti', 'teti'),
(42, 'Musimi', 'matata', 'matata@hotmail.com', '604339cf1c51e9072c8245dea2ccf6a7', '0764328966', 'town', 'town'),
(43, 'Njuguna', 'tilas', 'tilas@space.com', '30bfb12a4f1f10e1b4001fcc897896f6', '0765328966', 'taita', 'taita'),
(44, 'Thuita', 'waithaka', 'wathak@hotmail.com', 'b654b85eabb866dd1effdc9141377b38', '0766328966', 'anfo', 'anfo'),
(45, 'Lucy', 'gathoni', 'gathon@outlook.com', '557e14045cca4800d1e2e608c2e0173f', '0767328966', 'ruro', 'ruro'),
(46, 'Nyambe', 'cele', 'cele@gmail.com', 'e0851f9fa8a7c450f619c86c27531206', '0768328966', '101 ruiru', 'Kiserian'),
(47, 'Yegon', 'evans', 'evans@gmail.com', '6cc856715739ad849a1f9b21325da989', '0769328966', 'kano', 'kano'),
(48, 'Nifa', 'wanga', 'nifa@aol.com', '9f37c9f35f8f9e4f5b225b3d39508f1e', '0770328966', 'vici', 'vici'),
(49, 'Laban', 'mutai', 'laban@aol.com', 'c09c527e36799d26fc93a277c963a7c2', '0771328966', 'tuio', 'tuio'),
(50, 'Rose', 'ndinda', 'ndinda@aol.com', 'ea23063d6e7b5260ebc898faeedaf220', '0772328966', '23,voi', '33 TTU'),
(51, 'Karen', 'kimwele', 'karenkim@aol.com', 'fb862e288b9c743924558ee0a12b2e21', '0773328966', 'Ongata', 'Kiserian'),
(52, 'Chege', 'harry', 'harryc@gmail.com', '2f02dce971efee907ba127700cf55ab5', '0774328966', '101 ruiru', '234 kiambu'),
(53, 'Mercy', 'muteru', 'merci@yahoo.com', '37e0345bc893558eab703512835b5295', '0775328966', 'nefa', 'nefa'),
(54, 'Joram', 'muchiri', 'jora@aol.com', 'c838729c88b1fc9c46612ad53b10704d', '0776328966', '23,voi', '23,voi'),
(55, 'Swale', 'jumwa', 'jumwa@aol.com', '010a45bb1212de6ecb26b60867cec625', '0777328966', '18 Voi', '18 Voi'),
(56, 'Ezeki', 'muteti', 'ezmut@gmail.com', '99f47ab39d09408eb24a291646d4d894', '0778328966', 'costi', 'costi'),
(57, 'Amos', 'mbau', 'mbau@gmail.com', '2fd169764ca9362663dcd3753b32cc74', '0779328966', '18 Voi', '234 kiambu'),
(58, 'Kamau', 'essy', 'sessy@hj.com', '8eaee06f4e7cf39f66856c9511f319e8', '0780328966', 'jamu', 'jamu'),
(59, 'Ochieng', 'okech', 'okech@aol.com', '254aefa44c6706738b3367865cc3b383', '0781328966', 'henu', 'henu'),
(60, 'Kabu', 'celes', 'kabuceles@gmail.com', '48f0f9609ef41881663dc9b2f4b19d49', '0782328966', '23, Voi', '34,TTU'),
(61, 'Bakar', 'Rahman', 'bakar@aol.com', 'ccb7d5501da514c7c3b013bbe237954b', '0783328966', '18 Voi', '22, TTU'),
(62, 'Arif', ' omar', 'omara@yahoo.com', 'a0514586a408be35e9165e7eedce000e', '0784328966', '23,voi', '34, TTU'),
(63, 'Moses', 'odhis', 'odhis@tt.com', 'c1bb5b37c6a07335245a9c70822235d2', '0785328966', 'Ongata', 'Kiserian'),
(64, 'Mambo', 'ngei', 'ngei@tech.com', 'c7b6177cfd4a6d30034dc1eab90f2a21', '0786328966', '101 ruiru', '234 kiambu'),
(65, 'Ruben', 'mugane', 'mugan@aol.com', 'ee76be6d50c96a71910275c19961f422', '0787328966', '33, TTU', '34, TTU'),
(66, 'Rukia', 'salim', 'salim@gmail.com', 'c4420a94b7e281c2fb48c084a9b57aec', '0788328966', 'Ongata', 'Kiserian'),
(67, 'Leyanoi', 'mike', 'mikeley@te.com', 'fbeb7a7537fda3b2c889917d2b34e047', '0789328966', '18 Voi', '234 kiambu'),
(68, 'Nick', 'yegoono', 'nicko@aol.com', 'c3134dbfc8189a449e6d8703bc2ba136', '0790328966', '33, TTU', '33 TTU'),
(69, 'Korir', 'nicodem', 'nicodem@gmail.com', '879b8fd6af9eba386ad25f6c7386d081', '0791328966', '23, Voi', 'Kiserian'),
(70, 'Thom', 'arege', 'arege@yahoo.com', 'a40eea5072270d11b836564b934e047c', '0792328966', 'ruiru', '234 kiambu'),
(71, 'Kibe', 'steve', 'stevek@gmail.com', 'efcff6c606eca1c15f8959c5586e590a', '0793328966', '23,voi', '22, TTU'),
(72, 'main', 'majimaji', 'mainmaj@gmail.com', '89b5c321819678928cf5f76581ae18cc', '0710394277', 'Kuka', 'Kuka'),
(73, 'kimud', 'miguna', 'kimud@gmail.com', '78e2aefea23df24138477849370f7e12', '0796125575', 'huyt', 'geri'),
(74, 'Samwel', 'Juma', 'samj@gmail.com', 'b95663f9273270c1e1242e49158729e2', '0747328966', 'Ongata', 'Kiserian'),
(75, 'Lee', 'Masunka', 'lee@gmail.com', '824a67f29e97b8798a9df7f00189f3e1', '0793328950', '101 ruiru', '234 kiambu'),
(76, 'David', 'Wanyoike', 'davwanyo@gmail.com', '824a67f29e97b8798a9df7f00189f3e1', '0793328951', '33, TTU', 'Kiserian'),
(77, 'Diana', 'Simuli', 'diane@gmail.com', '8c7bc30d608570beba5597f5d86e429f', '0756432688', '18 Voi', '34,TTU'),
(78, 'Dennis', 'Mutua', 'deni@gmail.com', 'cf75460c6dc389a1dfc58130163f9fee', '0745328966', '23, Voi', '33 TTU');

--
-- Indexes for dumped tables
--

--
-- Indexes for table `admin`
--
ALTER TABLE `admin`
  ADD PRIMARY KEY (`id`),
  ADD UNIQUE KEY `email` (`email`);

--
-- Indexes for table `brands`
--
ALTER TABLE `brands`
  ADD PRIMARY KEY (`brand_id`);

--
-- Indexes for table `cart`
--
ALTER TABLE `cart`
  ADD PRIMARY KEY (`id`);

--
-- Indexes for table `categories`
--
ALTER TABLE `categories`
  ADD PRIMARY KEY (`cat_id`);

--
-- Indexes for table `orders`
--
ALTER TABLE `orders`
  ADD PRIMARY KEY (`order_id`);

--
-- Indexes for table `products`
--
ALTER TABLE `products`
  ADD PRIMARY KEY (`product_id`),
  ADD KEY `fk_product_cat` (`product_cat`),
  ADD KEY `fk_product_brand` (`product_brand`);

--
-- Indexes for table `user_info`
--
ALTER TABLE `user_info`
  ADD PRIMARY KEY (`user_id`);

--
-- AUTO_INCREMENT for dumped tables
--

--
-- AUTO_INCREMENT for table `admin`
--
ALTER TABLE `admin`
  MODIFY `id` int(11) NOT NULL AUTO_INCREMENT, AUTO_INCREMENT=10;

--
-- AUTO_INCREMENT for table `brands`
--
ALTER TABLE `brands`
  MODIFY `brand_id` int(100) NOT NULL AUTO_INCREMENT, AUTO_INCREMENT=10;

--
-- AUTO_INCREMENT for table `cart`
--
ALTER TABLE `cart`
  MODIFY `id` int(10) NOT NULL AUTO_INCREMENT, AUTO_INCREMENT=927;

--
-- AUTO_INCREMENT for table `categories`
--
ALTER TABLE `categories`
  MODIFY `cat_id` int(100) NOT NULL AUTO_INCREMENT, AUTO_INCREMENT=14;

--
-- AUTO_INCREMENT for table `orders`
--
ALTER TABLE `orders`
  MODIFY `order_id` int(11) NOT NULL AUTO_INCREMENT, AUTO_INCREMENT=889;

--
-- AUTO_INCREMENT for table `products`
--
ALTER TABLE `products`
  MODIFY `product_id` int(100) NOT NULL AUTO_INCREMENT, AUTO_INCREMENT=2631;

--
-- AUTO_INCREMENT for table `user_info`
--
ALTER TABLE `user_info`
  MODIFY `user_id` int(10) NOT NULL AUTO_INCREMENT, AUTO_INCREMENT=79;

--
-- Constraints for dumped tables
--

--
-- Constraints for table `products`
--
ALTER TABLE `products`
  ADD CONSTRAINT `fk_product_brand` FOREIGN KEY (`product_brand`) REFERENCES `brands` (`brand_id`),
  ADD CONSTRAINT `fk_product_cat` FOREIGN KEY (`product_cat`) REFERENCES `categories` (`cat_id`);
COMMIT;

/*!40101 SET CHARACTER_SET_CLIENT=@OLD_CHARACTER_SET_CLIENT */;
/*!40101 SET CHARACTER_SET_RESULTS=@OLD_CHARACTER_SET_RESULTS */;
/*!40101 SET COLLATION_CONNECTION=@OLD_COLLATION_CONNECTION */;
